,labels,words
0,Art,"Zwischencode, Maschinencode, Zielcode, Html-code, Bytecode, Code, Sql-anweisung, Originalanweisung, Quellcodeanweisung, Ausgabeanweisung, Ablaufanweisung, Schleifenkontrollanweisung, Anweisung, Befehl, Quelltext, Anwendungssystem, Rechnersystem, Zielsystem, System, Hilfetext, Programmtext, N{\text, Text, Rechnerumgebung, Hardwareumgebung, Programmierumgebung, Umgebung, Programm-quellcode, Quellcode, Cross-plattform, Zielplattform, Plattform, Entwicklungsmethode, Iterationsmethode, Methode, Compilezeit-phase, Projektphase, Phase, Workflow-management, Veränderungsmanagement, Management, Server-bereich, Desktop-bereich, Bereich, Foreach-schleife, Schleife, Teamarbeit, Programmierarbeit, Arbeit, Newton-verfahren, Iterationsverfahren, Verfahren, Computer, Fehler, Oberflächenform, Form, Rechenschritt, Schritt, Plattformunabhängigkeit, Unabhängigkeit, Unix-anwendung, Anwendung, Programmausführung, Ausführung, Portabilität, Neuentwicklung, Entwicklung, Paket, Datei, Auszeichnungssprache, Sprache, Version, Programmstelle, Stelle, Implementierung, Ziel, Quelltextformatierung, Formatierung, Programmierdokumentation, Dokumentation, Programmstruktur, Datumenstruktur, Aufgabenstellung, Stellung, Kompilieren, Konfigurieren, Untervariante, Variante, Quelltextdaten, Eingabedaten, Vorschrift, Speicheradresse, Adresse, Schutzfähigkeit, Lauffähigkeit, Prozessortyp, Cpu-typ, Assemblersprache, Fehlerart"
1,Kategorie,"Code, Anweisung, Betriebssystemfunktion, Programmfunktion, Fehlfunktion, Sinusfunktion, Funktion, Arbeitsplatzrechner, Edvac-rechner, Edsac-rechner, Großrechner, Rechner, Quelltext, Anwendungssystem, Rechnersystem, Zielsystem, System, Hilfetext, Programmtext, N{\text, Text, Rechnerumgebung, Hardwareumgebung, Programmierumgebung, Umgebung, Quellcode, Cross-plattform, Zielplattform, Plattform, Entwicklungsmethode, Iterationsmethode, Methode, Compilezeit, Einarbeitungszeit, Zeit, Compilezeit-phase, Projektphase, Phase, Management, Server-bereich, Desktop-bereich, Bereich, Schleife, Arbeit, Newton-verfahren, Iterationsverfahren, Verfahren, Oberflächenform, Form, Schritt, Plattformunabhängigkeit, Unabhängigkeit, Anwendung, Programmausführung, Ausführung, Neuentwicklung, Entwicklung, Datei, Auszeichnungssprache, Sprache, Stelle, Funktionsblock, Anweisungsblock, Formatierung, Dokumentation, Programmierstil, Einrückungsstil, Übersetzungsvorgang, Vorgang, Programmstruktur, Datumenstruktur, Aufgabenstellung, Stellung, Kompilieren, Konfigurieren, Untervariante, Variante, Quelltextdaten, Eingabedaten, Adresse, Ausführungszeitraum, Zeitraum, Software-lebenszyklus, Produktlebenszyklus, Programm-inhalt, Inhalt, Schutzfähigkeit, Lauffähigkeit, Prozessortyp, Cpu-typ, Assemblersprache, Fehlerart, Art"
2,Zusammenfassung,"Zwischencode, Maschinencode, Zielcode, Html-code, Bytecode, Code, Sql-anweisung, Originalanweisung, Quellcodeanweisung, Ausgabeanweisung, Ablaufanweisung, Schleifenkontrollanweisung, Anweisung, Betriebssystemfunktion, Programmfunktion, Fehlfunktion, Sinusfunktion, Funktion, Befehl, Arbeitsplatzrechner, Edvac-rechner, Edsac-rechner, Großrechner, Rechner, Quelltext, Anwendungssystem, Rechnersystem, Zielsystem, System, Hilfetext, Programmtext, N{\text, Text, Rechnerumgebung, Hardwareumgebung, Programmierumgebung, Umgebung, Programm-quellcode, Quellcode, Cross-plattform, Zielplattform, Plattform, Entwicklungsmethode, Iterationsmethode, Methode, Compilezeit-phase, Projektphase, Phase, Server-bereich, Desktop-bereich, Bereich, Teamarbeit, Programmierarbeit, Arbeit, Newton-verfahren, Iterationsverfahren, Verfahren, Microcomputer, Computer, Oberflächenform, Form, Rechenschritt, Schritt, Unabhängigkeit, Programmausführung, Ausführung, Entwicklung, Paket, Datei, Auszeichnungssprache, Sprache, Stelle, Funktionsblock, Anweisungsblock, Programmstruktur, Datumenstruktur, Aufgabenstellung, Stellung, Variante, Quelltextdaten, Eingabedaten, Vorschrift, Adresse, Prozessortyp, Cpu-typ, Assemblersprache, Fehlerart, Art, Speicherverbrauch, Ressourcenverbrauch"
3,Menge,"Zwischencode, Maschinencode, Zielcode, Html-code, Bytecode, Code, Sql-anweisung, Originalanweisung, Quellcodeanweisung, Ausgabeanweisung, Ablaufanweisung, Schleifenkontrollanweisung, Anweisung, Betriebssystemfunktion, Programmfunktion, Fehlfunktion, Sinusfunktion, Funktion, Befehl, Arbeitsplatzrechner, Edvac-rechner, Edsac-rechner, Großrechner, Rechner, Quelltext, Anwendungssystem, Rechnersystem, Zielsystem, System, Text, Rechnerumgebung, Hardwareumgebung, Programmierumgebung, Umgebung, Quellcode, Cross-plattform, Zielplattform, Plattform, Entwicklungsmethode, Iterationsmethode, Methode, Compilezeit-phase, Projektphase, Phase, Server-bereich, Desktop-bereich, Bereich, Schleife, Arbeit, Newton-verfahren, Iterationsverfahren, Verfahren, Computer, Oberflächenform, Form, Rechenschritt, Schritt, Unabhängigkeit, Anwendung, Programmausführung, Ausführung, Entwicklung, Paket, Programmdatei, Datei, Auszeichnungssprache, Sprache, Ziel, Funktionsblock, Anweisungsblock, Formatierung, Programmierstil, Einrückungsstil, Programmstruktur, Datumenstruktur, Aufgabenstellung, Stellung, Software-dokument, Entwurfsdokument, Untervariante, Variante, Quelltextdaten, Eingabedaten, Vorschrift, Adresse, Prozessortyp, Cpu-typ, Fehlerart, Art"
4,Ordnung,"Zwischencode, Maschinencode, Zielcode, Html-code, Bytecode, Code, Sql-anweisung, Originalanweisung, Quellcodeanweisung, Ausgabeanweisung, Ablaufanweisung, Schleifenkontrollanweisung, Anweisung, Maschinenbefehl, Aufrufbefehl, Prozessorbefehl, Vergleichsbefehl, Befehl, Quelltext, Anwendungssystem, Rechnersystem, Zielsystem, System, Hilfetext, Programmtext, N{\text, Text, Rechnerumgebung, Hardwareumgebung, Programmierumgebung, Umgebung, Quellcode, Cross-plattform, Zielplattform, Plattform, Entwicklungsmethode, Iterationsmethode, Methode, Compilezeit-phase, Projektphase, Phase, Management, Server-bereich, Desktop-bereich, Bereich, Schleife, Arbeit, Newton-verfahren, Iterationsverfahren, Verfahren, Computer, Oberflächenform, Form, Rechenschritt, Schritt, Plattformunabhängigkeit, Unabhängigkeit, Anwendung, Programmausführung, Ausführung, Neuentwicklung, Entwicklung, Programmpaket, Paket, Auszeichnungssprache, Sprache, Stelle, Formatierung, Dokumentation, Programmstruktur, Datumenstruktur, Aufgabenstellung, Stellung, Editor, Kompilieren, Konfigurieren, Untervariante, Variante, Verarbeitungsvorschrift, Vorschrift, Adresse, Sicht, Richtlinie, Schutzfähigkeit, Lauffähigkeit, Assemblersprache, Fehlerart, Art"
5,Gruppe,"Code, Anweisung, Betriebssystemfunktion, Programmfunktion, Fehlfunktion, Sinusfunktion, Funktion, Arbeitsplatzrechner, Edvac-rechner, Edsac-rechner, Großrechner, Rechner, Quelltext, Anwendungssystem, Rechnersystem, Zielsystem, System, Hilfetext, Programmtext, N{\text, Text, Rechnerumgebung, Hardwareumgebung, Programmierumgebung, Umgebung, Quellcode, Cross-plattform, Zielplattform, Plattform, Entwicklungsmethode, Iterationsmethode, Methode, Phase, Management, Server-bereich, Desktop-bereich, Bereich, Foreach-schleife, Schleife, Arbeit, Newton-verfahren, Iterationsverfahren, Verfahren, Oberflächenform, Form, Schritt, Plattformunabhängigkeit, Unabhängigkeit, Unix-anwendung, Anwendung, Programmausführung, Ausführung, Neuentwicklung, Entwicklung, Datei, Auszeichnungssprache, Sprache, Version, Stelle, Funktionsblock, Anweisungsblock, Quelltextformatierung, Formatierung, Dokumentation, Programmierstil, Einrückungsstil, Programmstruktur, Datumenstruktur, Aufgabenstellung, Stellung, Kompilieren, Konfigurieren, Untervariante, Variante, Quelltextdaten, Eingabedaten, Speicheradresse, Adresse, Schutzfähigkeit, Lauffähigkeit, Prozessortyp, Cpu-typ, Assemblersprache, Fehlerart, Art"
6,Zustand,"Code, Sql-anweisung, Originalanweisung, Quellcodeanweisung, Ausgabeanweisung, Ablaufanweisung, Schleifenkontrollanweisung, Anweisung, Funktion, Befehl, Quelltext, Anwendungssystem, Rechnersystem, Zielsystem, System, Text, Umgebung, Cross-plattform, Zielplattform, Plattform, Entwicklungsmethode, Iterationsmethode, Methode, Phase, Workflow-management, Veränderungsmanagement, Management, Server-bereich, Desktop-bereich, Bereich, Schleife, Teamarbeit, Programmierarbeit, Arbeit, Newton-verfahren, Iterationsverfahren, Verfahren, Fehler, Oberflächenform, Form, Schritt, Plattformunabhängigkeit, Unabhängigkeit, Anwendung, Programmausführung, Ausführung, Quellcode-portabilität, Portabilität, Neuentwicklung, Entwicklung, Paket, Auszeichnungssprache, Sprache, Programmstelle, Stelle, Problem, Methodenimplementierung, Implementierung, Bauziel, Ziel, Formatierung, Programmstruktur, Datumenstruktur, Aufgabenstellung, Stellung, Untervariante, Variante, Vorschrift, Operation, Adresse, Schutzfähigkeit, Lauffähigkeit, Fehlerart, Art"
7,Teil,"Unterprogramm, Maschinenprogramm, Hauptprogramm, Stapelprogramm, Dialogprogramm, Systemprogramm, Dienstprogramm, Binärprogramm, Anwenderprogramm, Programm, Quelloffene-software, Open-source-software, Individualsoftware, Anwendungssoftware, Software, Quelltext, Jit-compiler, Precompiler, Java-compiler, Compiler, System, Hilfetext, Programmtext, N{\text, Text, Programm-quellcode, Quellcode, Texteditor, Methode, Compilezeit, Einarbeitungszeit, Zeit, Phase, Workflow-management, Veränderungsmanagement, Management, Bereich, Teamarbeit, Programmierarbeit, Arbeit, Newton-verfahren, Iterationsverfahren, Verfahren, Syntaxfehler, Fehler, Form, Programmteil, Ausführung, Neuentwicklung, Entwicklung, Sprache, Version, Befehlsfolge, Folge, Berechnung, Programmstelle, Stelle, Funktionsblock, Anweisungsblock, Debugger, Vorgang, Stellung, Rechenoperation, Operation, Speicheradresse, Adresse, Ausführungszeitraum, Zeitraum, Software-lebenszyklus, Produktlebenszyklus, Fehlerart, Art, Speicherverbrauch, Ressourcenverbrauch"
8,Struktur,"Zwischencode, Maschinencode, Zielcode, Html-code, Bytecode, Code, Sql-anweisung, Originalanweisung, Quellcodeanweisung, Ausgabeanweisung, Ablaufanweisung, Schleifenkontrollanweisung, Anweisung, Maschinenbefehl, Aufrufbefehl, Prozessorbefehl, Vergleichsbefehl, Befehl, Rechner, Quelltext, Anwendungssystem, Rechnersystem, Zielsystem, System, Hilfetext, Programmtext, N{\text, Text, Rechnerumgebung, Hardwareumgebung, Programmierumgebung, Umgebung, Programm-quellcode, Quellcode, Plattform, Methode, Compilezeit-phase, Projektphase, Phase, Server-bereich, Desktop-bereich, Bereich, Teamarbeit, Programmierarbeit, Arbeit, Verfahren, Microcomputer, Computer, Form, Rechenschritt, Schritt, Ausführung, Entwicklung, Programmpaket, Paket, Auszeichnungssprache, Sprache, Stelle, Programmstruktur, Datumenstruktur, Stellung, Editor, Verarbeitungsvorschrift, Vorschrift, Adresse, Sicht, Richtlinie, Assemblersprache, Fehlerart, Art, Speicherverbrauch, Ressourcenverbrauch"
9,Ergebnis,"Unterprogramm, Maschinenprogramm, Hauptprogramm, Stapelprogramm, Dialogprogramm, Systemprogramm, Dienstprogramm, Binärprogramm, Anwenderprogramm, Programm, Quelloffene-software, Open-source-software, Individualsoftware, Anwendungssoftware, Software, Betriebssystemfunktion, Programmfunktion, Fehlfunktion, Sinusfunktion, Funktion, Quelltext, Jit-compiler, Precompiler, Java-compiler, Compiler, System, Hilfetext, Programmtext, N{\text, Text, Programm-quellcode, Quellcode, Texteditor, Zeit, Phase, Anforderungsanalyse, Performanzanalyse, Analyse, Bereich, Foreach-schleife, Schleife, Teamarbeit, Programmierarbeit, Arbeit, Syntaxfehler, Fehler, Neuentwicklung, Entwicklung, Version, Befehlsfolge, Folge, Programmstelle, Stelle, Anwendungsproblem, Problem, Ziel, Programmierdokumentation, Dokumentation, Debugger, Schutz, Vorgang, Rechenoperation, Operation, Software-lebenszyklus, Produktlebenszyklus, Speicherverbrauch, Ressourcenverbrauch"
10,Element,"Unterprogramm, Maschinenprogramm, Hauptprogramm, Stapelprogramm, Dialogprogramm, Systemprogramm, Dienstprogramm, Binärprogramm, Anwenderprogramm, Programm, Sql-anweisung, Originalanweisung, Quellcodeanweisung, Ausgabeanweisung, Ablaufanweisung, Schleifenkontrollanweisung, Anweisung, Software, Maschinenbefehl, Aufrufbefehl, Prozessorbefehl, Vergleichsbefehl, Befehl, Quelltext, Compiler, Hilfetext, Programmtext, N{\text, Text, Rechnerumgebung, Hardwareumgebung, Programmierumgebung, Umgebung, Quellcode, Texteditor, Compilezeit, Einarbeitungszeit, Zeit, Workflow-management, Veränderungsmanagement, Management, Arbeit, Verfahren, Fehler, Programmteil, Teil, Entwicklung, Befehlsfolge, Folge, Programmstelle, Stelle, Funktionsblock, Anweisungsblock, Debugger, Dateiendung, Endung, Verarbeitungsvorschrift, Vorschrift, Rechenoperation, Operation, Speicheradresse, Adresse, Zeitraum, Urheberrechtsrichtlinie, Richtlinie, Art"
11,Folge,"Unterprogramm, Maschinenprogramm, Hauptprogramm, Stapelprogramm, Dialogprogramm, Systemprogramm, Dienstprogramm, Binärprogramm, Anwenderprogramm, Programm, Code, Quelloffene-software, Open-source-software, Individualsoftware, Anwendungssoftware, Software, Rechner, Quelltext, Jit-compiler, Precompiler, Java-compiler, Compiler, Anwendungssystem, Rechnersystem, Zielsystem, System, Hilfetext, Programmtext, N{\text, Text, Umgebung, Programm-quellcode, Quellcode, Texteditor, Compilezeit, Einarbeitungszeit, Zeit, Compilezeit-phase, Projektphase, Phase, Server-bereich, Desktop-bereich, Bereich, Verfahren, Syntaxfehler, Fehler, Schritt, Anwendung, Neuentwicklung, Entwicklung, Sprache, Dateiversion, Version, Befehlsfolge, Lösung, Programmstelle, Stelle, Debugger, Übersetzungsvorgang, Vorgang, Zeitraum, Software-lebenszyklus, Produktlebenszyklus, Art, Speicherverbrauch, Ressourcenverbrauch"
12,Taxon,"Code, Anweisung, Quelltext, Anwendungssystem, Rechnersystem, Zielsystem, System, Hilfetext, Programmtext, N{\text, Text, Umgebung, Quellcode, Cross-plattform, Zielplattform, Plattform, Entwicklungsmethode, Iterationsmethode, Methode, Phase, Management, Server-bereich, Desktop-bereich, Bereich, Foreach-schleife, Schleife, Arbeit, Newton-verfahren, Iterationsverfahren, Verfahren, Oberflächenform, Form, Schritt, Plattformunabhängigkeit, Unabhängigkeit, Unix-anwendung, Anwendung, Programmausführung, Ausführung, Neuentwicklung, Entwicklung, Auszeichnungssprache, Sprache, Version, Stelle, Quelltextformatierung, Formatierung, Dokumentation, Programmstruktur, Datumenstruktur, Aufgabenstellung, Stellung, Kompilieren, Konfigurieren, Untervariante, Variante, Speicheradresse, Adresse, Schutzfähigkeit, Lauffähigkeit, Prozessortyp, Cpu-typ, Assemblersprache, Fehlerart, Art"
13,Eigenschaft,"Code, Anweisung, Quelltext, Anwendungssystem, Rechnersystem, Zielsystem, System, Hilfetext, Programmtext, N{\text, Text, Umgebung, Quellcode, Cross-plattform, Zielplattform, Plattform, Entwicklungsmethode, Iterationsmethode, Methode, Phase, Management, Server-bereich, Desktop-bereich, Bereich, Schleife, Arbeit, Newton-verfahren, Iterationsverfahren, Verfahren, Oberflächenform, Form, Schritt, Plattformunabhängigkeit, Unabhängigkeit, Anwendung, Programmausführung, Ausführung, Quellcode-portabilität, Portabilität, Neuentwicklung, Entwicklung, Auszeichnungssprache, Sprache, Stelle, Funktionsblock, Anweisungsblock, Formatierung, Dokumentation, Softwarequalität, Qualität, Programmstruktur, Datumenstruktur, Aufgabenstellung, Stellung, Kompilieren, Konfigurieren, Untervariante, Variante, Speicheradresse, Adresse, Schutzfähigkeit, Lauffähigkeit, Assemblersprache, Fehlerart, Art"
14,Gesamtheit,"Anweisung, Arbeitsplatzrechner, Edvac-rechner, Edsac-rechner, Großrechner, Rechner, Quelltext, Hilfetext, Programmtext, N{\text, Text, Erstellungsmöglichkeit, Klassifizierungsmöglichkeit, Verwechslungsmöglichkeit, Möglichkeit, Quellcode, Algorithmus, Endgerät, Programmiergerät, Gerät, Management, Analyse, Foreach-schleife, Schleife, Teamarbeit, Programmierarbeit, Arbeit, Patch, Microcomputer, Computer, Programmteil, Teil, Anwendung, Entwicklung, Programmpaket, Paket, Auszeichnungssprache, Sprache, Folge, Lösung, Stelle, Test, Ziel, Quelltextformatierung, Formatierung, Dokumentation, Webseite, Programmierstil, Einrückungsstil, Langzeitverhalten, Verhalten, Software-dokument, Entwurfsdokument, Prinzip, Online-verbindung, Verbindung, Verarbeitungsvorschrift, Vorschrift, Operation, Sicht, Urheberrechtsrichtlinie, Richtlinie, Assemblersprache"
15,Gegenstand,"Unterprogramm, Maschinenprogramm, Hauptprogramm, Stapelprogramm, Dialogprogramm, Systemprogramm, Dienstprogramm, Binärprogramm, Anwenderprogramm, Programm, Software, Arbeitsplatzrechner, Edvac-rechner, Edsac-rechner, Großrechner, Rechner, Quelltext, Compiler, Hilfetext, Programmtext, N{\text, Text, Quellcode, Plattform, Texteditor, Compilezeit, Einarbeitungszeit, Zeit, Endgerät, Programmiergerät, Gerät, Workflow-management, Veränderungsmanagement, Management, Teamarbeit, Programmierarbeit, Arbeit, Verfahren, Microcomputer, Computer, Syntaxfehler, Fehler, Programmteil, Teil, Entwicklung, Befehlsfolge, Folge, Programmstelle, Stelle, Bauziel, Ziel, Funktionsblock, Anweisungsblock, Debugger, Werkzeug, Stellung, Rechenoperation, Operation, Speicheradresse, Adresse, Zeitraum, Art"
16,Aufbau,"Zwischencode, Maschinencode, Zielcode, Html-code, Bytecode, Code, Sql-anweisung, Originalanweisung, Quellcodeanweisung, Ausgabeanweisung, Ablaufanweisung, Schleifenkontrollanweisung, Anweisung, Befehl, Quelltext, Anwendungssystem, Rechnersystem, Zielsystem, System, Text, Rechnerumgebung, Hardwareumgebung, Programmierumgebung, Umgebung, Quellcode, Cross-plattform, Zielplattform, Plattform, Compilezeit-phase, Projektphase, Phase, Server-bereich, Desktop-bereich, Bereich, Foreach-schleife, Schleife, Arbeit, Computer, Oberflächenform, Form, Rechenschritt, Schritt, Unix-anwendung, Anwendung, Paket, Auszeichnungssprache, Sprache, Version, Quelltextformatierung, Formatierung, Programmstruktur, Datumenstruktur, Untervariante, Variante, Vorschrift, Speicheradresse, Adresse, Prozessortyp, Cpu-typ, Art"
17,System,"Zwischencode, Maschinencode, Zielcode, Html-code, Bytecode, Code, Anweisung, Arbeitsplatzrechner, Edvac-rechner, Edsac-rechner, Großrechner, Rechner, Quelltext, Anwendungssystem, Rechnersystem, Zielsystem, Hilfetext, Programmtext, N{\text, Text, Programm-quellcode, Quellcode, Plattform, Entwicklungsmethode, Iterationsmethode, Methode, Bereich, Newton-verfahren, Iterationsverfahren, Verfahren, Microcomputer, Computer, Fehler, Oberflächenform, Form, Unabhängigkeit, Teil, Programmausführung, Ausführung, Entwicklung, Datei, Auszeichnungssprache, Sprache, Version, Folge, Programmstelle, Stelle, Programmstruktur, Datumenstruktur, Aufgabenstellung, Stellung, Variante, Quelltextdaten, Eingabedaten, Hilfsvariable, Zeigervariable, Assemblersprache, Fehlerart, Art"
18,Text,"Zwischencode, Maschinencode, Zielcode, Html-code, Bytecode, Code, Anweisung, Funktion, Arbeitsplatzrechner, Edvac-rechner, Edsac-rechner, Großrechner, Rechner, Quelltext, Anwendungssystem, Rechnersystem, Zielsystem, System, Hilfetext, Programmtext, N{\text, Rechnerumgebung, Hardwareumgebung, Programmierumgebung, Umgebung, Programm-quellcode, Quellcode, Plattform, Methode, Compilezeit-phase, Projektphase, Phase, Server-bereich, Desktop-bereich, Bereich, Arbeit, Verfahren, Computer, Syntaxfehler, Fehler, Form, Rechenschritt, Schritt, Unix-anwendung, Anwendung, Ausführung, Auszeichnungssprache, Sprache, Dateiversion, Version, Programmstelle, Stelle, Programmstruktur, Datumenstruktur, Stellung, Prozessortyp, Cpu-typ, Fehlerart, Art"
19,Bezeichnung,"Unterprogramm, Maschinenprogramm, Hauptprogramm, Stapelprogramm, Dialogprogramm, Systemprogramm, Dienstprogramm, Binärprogramm, Anwenderprogramm, Programm, Sql-anweisung, Originalanweisung, Quellcodeanweisung, Ausgabeanweisung, Ablaufanweisung, Schleifenkontrollanweisung, Anweisung, Software, Maschinenbefehl, Aufrufbefehl, Prozessorbefehl, Vergleichsbefehl, Befehl, Quelltext, Compiler, Hilfetext, Programmtext, N{\text, Text, Rechnerumgebung, Hardwareumgebung, Programmierumgebung, Umgebung, Quellcode, Texteditor, Zeit, Management, Syntaxfehler, Fehler, Programmteil, Teil, Entwicklung, Befehlsfolge, Folge, Programmstelle, Stelle, Funktionsblock, Anweisungsblock, Debugger, Dateiendung, Endung, Verarbeitungsvorschrift, Vorschrift, Operation, Adresse, Hilfsvariable, Zeigervariable, Richtlinie"
20,Gattung,"Code, Anweisung, Quelltext, Anwendungssystem, Rechnersystem, Zielsystem, System, Hilfetext, Programmtext, N{\text, Text, Umgebung, Quellcode, Cross-plattform, Zielplattform, Plattform, Entwicklungsmethode, Iterationsmethode, Methode, Phase, Management, Server-bereich, Desktop-bereich, Bereich, Schleife, Arbeit, Newton-verfahren, Iterationsverfahren, Verfahren, Oberflächenform, Form, Schritt, Plattformunabhängigkeit, Unabhängigkeit, Anwendung, Programmausführung, Ausführung, Neuentwicklung, Entwicklung, Auszeichnungssprache, Sprache, Stelle, Formatierung, Dokumentation, Programmstruktur, Datumenstruktur, Aufgabenstellung, Stellung, Kompilieren, Konfigurieren, Untervariante, Variante, Adresse, Schutzfähigkeit, Lauffähigkeit, Assemblersprache, Fehlerart, Art"
21,Grundeinheit,"Code, Anweisung, Quelltext, Anwendungssystem, Rechnersystem, Zielsystem, System, Hilfetext, Programmtext, N{\text, Text, Umgebung, Quellcode, Cross-plattform, Zielplattform, Plattform, Entwicklungsmethode, Iterationsmethode, Methode, Phase, Management, Server-bereich, Desktop-bereich, Bereich, Schleife, Arbeit, Newton-verfahren, Iterationsverfahren, Verfahren, Oberflächenform, Form, Schritt, Plattformunabhängigkeit, Unabhängigkeit, Anwendung, Programmausführung, Ausführung, Neuentwicklung, Entwicklung, Auszeichnungssprache, Sprache, Stelle, Formatierung, Dokumentation, Programmstruktur, Datumenstruktur, Aufgabenstellung, Stellung, Kompilieren, Konfigurieren, Untervariante, Variante, Adresse, Schutzfähigkeit, Lauffähigkeit, Assemblersprache, Fehlerart, Art"
22,Konzeption,"Code, Anweisung, Quelltext, Anwendungssystem, Rechnersystem, Zielsystem, System, Hilfetext, Programmtext, N{\text, Text, Umgebung, Quellcode, Cross-plattform, Zielplattform, Plattform, Entwicklungsmethode, Iterationsmethode, Methode, Phase, Management, Server-bereich, Desktop-bereich, Bereich, Schleife, Arbeit, Newton-verfahren, Iterationsverfahren, Verfahren, Oberflächenform, Form, Schritt, Plattformunabhängigkeit, Unabhängigkeit, Anwendung, Programmausführung, Ausführung, Neuentwicklung, Entwicklung, Auszeichnungssprache, Sprache, Stelle, Formatierung, Dokumentation, Programmstruktur, Datumenstruktur, Aufgabenstellung, Stellung, Kompilieren, Konfigurieren, Untervariante, Variante, Adresse, Schutzfähigkeit, Lauffähigkeit, Assemblersprache, Fehlerart, Art"
23,Vorgang,"Code, Sql-anweisung, Originalanweisung, Quellcodeanweisung, Ausgabeanweisung, Ablaufanweisung, Schleifenkontrollanweisung, Anweisung, Maschinenbefehl, Aufrufbefehl, Prozessorbefehl, Vergleichsbefehl, Befehl, Anwendungssystem, Rechnersystem, Zielsystem, System, Umgebung, Cross-plattform, Zielplattform, Plattform, Phase, Server-bereich, Desktop-bereich, Bereich, Schleife, Newton-verfahren, Iterationsverfahren, Verfahren, Syntaxfehler, Fehler, Oberflächenform, Form, Rechenschritt, Schritt, Anwendung, Neuentwicklung, Entwicklung, Programmpaket, Paket, Sprache, Problemlösung, Lösung, Stelle, Formatierung, Dokumentation, Programmierstil, Einrückungsstil, Übersetzungsvorgang, Programmstruktur, Datumenstruktur, Untervariante, Variante, Verarbeitungsvorschrift, Vorschrift, Adresse, Richtlinie"
24,Relation,"Code, Sql-anweisung, Originalanweisung, Quellcodeanweisung, Ausgabeanweisung, Ablaufanweisung, Schleifenkontrollanweisung, Anweisung, Betriebssystemfunktion, Programmfunktion, Fehlfunktion, Sinusfunktion, Funktion, Befehl, Quelltext, Anwendungssystem, Rechnersystem, Zielsystem, System, Text, Umgebung, Plattform, Entwicklungsmethode, Iterationsmethode, Methode, Phase, Gerät, Management, Server-bereich, Desktop-bereich, Bereich, Newton-verfahren, Iterationsverfahren, Verfahren, Oberflächenform, Form, Schritt, Unabhängigkeit, Teil, Programmausführung, Ausführung, Entwicklung, Paket, Auszeichnungssprache, Sprache, Bauziel, Ziel, Werkzeug, Programmstruktur, Datumenstruktur, Aufgabenstellung, Stellung, Variante, Vorschrift, Fehlerart, Art"
25,Konzept,"Unterprogramm, Maschinenprogramm, Hauptprogramm, Stapelprogramm, Dialogprogramm, Systemprogramm, Dienstprogramm, Binärprogramm, Anwenderprogramm, Programm, Zwischencode, Maschinencode, Zielcode, Html-code, Bytecode, Code, Quelloffene-software, Open-source-software, Individualsoftware, Anwendungssoftware, Software, Betriebssystemfunktion, Programmfunktion, Fehlfunktion, Sinusfunktion, Funktion, Quelltext, Jit-compiler, Precompiler, Java-compiler, Compiler, Anwendungssystem, Rechnersystem, Zielsystem, System, Text, Quellcode, Texteditor, Foreach-schleife, Schleife, Computer, Fehler, Auszeichnungssprache, Sprache, Lösung, Programmstelle, Stelle, Ziel, Programmierdokumentation, Dokumentation, Debugger, Annuitätsprinzip, Prinzip, Rechnerkonzept, Art"
26,Fassung,"Zwischencode, Maschinencode, Zielcode, Html-code, Bytecode, Code, Anweisung, Funktion, Arbeitsplatzrechner, Edvac-rechner, Edsac-rechner, Großrechner, Rechner, Quelltext, Anwendungssystem, Rechnersystem, Zielsystem, System, Text, Rechnerumgebung, Hardwareumgebung, Programmierumgebung, Umgebung, Quellcode, Plattform, Methode, Compilezeit-phase, Projektphase, Phase, Server-bereich, Desktop-bereich, Bereich, Arbeit, Verfahren, Computer, Form, Rechenschritt, Schritt, Unix-anwendung, Anwendung, Ausführung, Auszeichnungssprache, Sprache, Dateiversion, Version, Programmstruktur, Datumenstruktur, Stellung, Kompilieren, Konfigurieren, Prozessortyp, Cpu-typ, Fehlerart, Art"
27,Einheit,"Funktion, Rechner, Quelltext, System, Text, Umgebung, Plattform, Entwicklungsmethode, Iterationsmethode, Methode, Compilezeit, Einarbeitungszeit, Zeit, Phase, Workflow-management, Veränderungsmanagement, Management, Bereich, Newton-verfahren, Iterationsverfahren, Verfahren, Oberflächenform, Form, Rechenschritt, Schritt, Unabhängigkeit, Programmausführung, Ausführung, Entwicklung, Programmpaket, Paket, Auszeichnungssprache, Sprache, Stelle, Vorgang, Programmstruktur, Datumenstruktur, Aufgabenstellung, Stellung, Variante, Hilfsvariable, Zeigervariable, Ausführungszeitraum, Zeitraum, Programm-inhalt, Inhalt, Prozessortyp, Cpu-typ, Fehlerart, Art"
28,Kleidungsstück,"Unterprogramm, Maschinenprogramm, Hauptprogramm, Stapelprogramm, Dialogprogramm, Systemprogramm, Dienstprogramm, Binärprogramm, Anwenderprogramm, Programm, Software, Quelltext, Compiler, Hilfetext, Programmtext, N{\text, Text, Quellcode, Texteditor, Compilezeit, Einarbeitungszeit, Zeit, Workflow-management, Veränderungsmanagement, Management, Foreach-schleife, Schleife, Arbeit, Verfahren, Fehler, Programmteil, Teil, Entwicklung, Befehlsfolge, Folge, Programmstelle, Stelle, Funktionsblock, Anweisungsblock, Debugger, Rechenoperation, Operation, Speicheradresse, Adresse, Zeitraum, Art"
29,Reihe,"Unterprogramm, Maschinenprogramm, Hauptprogramm, Stapelprogramm, Dialogprogramm, Systemprogramm, Dienstprogramm, Binärprogramm, Anwenderprogramm, Programm, Quelloffene-software, Open-source-software, Individualsoftware, Anwendungssoftware, Software, Quelltext, Jit-compiler, Precompiler, Java-compiler, Compiler, System, Hilfetext, Programmtext, N{\text, Text, Programm-quellcode, Quellcode, Texteditor, Zeit, Phase, Bereich, Fehler, Neuentwicklung, Entwicklung, Version, Befehlsfolge, Folge, Programmstelle, Stelle, Debugger, Vorgang, Software-lebenszyklus, Produktlebenszyklus, Speicherverbrauch, Ressourcenverbrauch"
30,Liste,"Unterprogramm, Maschinenprogramm, Hauptprogramm, Stapelprogramm, Dialogprogramm, Systemprogramm, Dienstprogramm, Binärprogramm, Anwenderprogramm, Programm, Quelloffene-software, Open-source-software, Individualsoftware, Anwendungssoftware, Software, Quelltext, Jit-compiler, Precompiler, Java-compiler, Compiler, System, Hilfetext, Programmtext, N{\text, Text, Programm-quellcode, Quellcode, Texteditor, Zeit, Phase, Bereich, Fehler, Neuentwicklung, Entwicklung, Version, Befehlsfolge, Folge, Programmstelle, Stelle, Debugger, Vorgang, Software-lebenszyklus, Produktlebenszyklus, Speicherverbrauch, Ressourcenverbrauch"
31,Stoff,"Programm, Sql-anweisung, Originalanweisung, Quellcodeanweisung, Ausgabeanweisung, Ablaufanweisung, Schleifenkontrollanweisung, Anweisung, Maschinenbefehl, Aufrufbefehl, Prozessorbefehl, Vergleichsbefehl, Befehl, Rechner, Text, Rechnerumgebung, Hardwareumgebung, Programmierumgebung, Umgebung, Zeit, Management, Foreach-schleife, Schleife, Programmteil, Teil, Befehlsfolge, Folge, Problemlösung, Lösung, Stelle, Funktionsblock, Anweisungsblock, Lizenzvereinbarung, Vereinbarung, Dateiendung, Endung, Online-verbindung, Verbindung, Verarbeitungsvorschrift, Vorschrift, Operation, Adresse, Richtlinie"
32,Ablauf,"Sql-anweisung, Originalanweisung, Quellcodeanweisung, Ausgabeanweisung, Ablaufanweisung, Schleifenkontrollanweisung, Anweisung, Befehl, System, Plattform, Compilezeit, Einarbeitungszeit, Zeit, Compilezeit-phase, Projektphase, Phase, Bereich, Newton-verfahren, Iterationsverfahren, Verfahren, Syntaxfehler, Fehler, Oberflächenform, Form, Schritt, Neuentwicklung, Entwicklung, Programmpaket, Paket, Problemlösung, Lösung, Programmierstil, Einrückungsstil, Übersetzungsvorgang, Vorgang, Programmstruktur, Datumenstruktur, Variante, Vorschrift, Ausführungszeitraum, Zeitraum, Software-lebenszyklus, Produktlebenszyklus"
33,Aussehen,"Zwischencode, Maschinencode, Zielcode, Html-code, Bytecode, Code, Sql-anweisung, Originalanweisung, Quellcodeanweisung, Ausgabeanweisung, Ablaufanweisung, Schleifenkontrollanweisung, Anweisung, Befehl, Quelltext, Anwendungssystem, Rechnersystem, Zielsystem, System, Text, Rechnerumgebung, Hardwareumgebung, Programmierumgebung, Umgebung, Quellcode, Compilezeit-phase, Projektphase, Phase, Server-bereich, Desktop-bereich, Bereich, Arbeit, Computer, Rechenschritt, Schritt, Paket, Auszeichnungssprache, Sprache, Programmstruktur, Datumenstruktur, Vorschrift, Art"
34,Zusammensetzung,"Zwischencode, Maschinencode, Zielcode, Html-code, Bytecode, Code, Sql-anweisung, Originalanweisung, Quellcodeanweisung, Ausgabeanweisung, Ablaufanweisung, Schleifenkontrollanweisung, Anweisung, Befehl, Quelltext, Anwendungssystem, Rechnersystem, Zielsystem, System, Text, Rechnerumgebung, Hardwareumgebung, Programmierumgebung, Umgebung, Quellcode, Compilezeit-phase, Projektphase, Phase, Server-bereich, Desktop-bereich, Bereich, Arbeit, Computer, Rechenschritt, Schritt, Paket, Auszeichnungssprache, Sprache, Programmstruktur, Datumenstruktur, Vorschrift, Art"
35,Tun,"Funktion, Ggt-algorithmus, Algorithmus, Entwicklungsmethode, Iterationsmethode, Methode, Workflow-management, Veränderungsmanagement, Management, Anforderungsanalyse, Performanzanalyse, Analyse, Teamarbeit, Programmierarbeit, Arbeit, Newton-verfahren, Iterationsverfahren, Verfahren, Schritt, Unix-anwendung, Anwendung, Neuentwicklung, Entwicklung, Problem, Entwicklertest, Test, Bauziel, Ziel, Quelltextformatierung, Formatierung, Langzeitverhalten, Verhalten, Prinzip, Verarbeitungsvorschrift, Vorschrift, Rechenoperation, Operation, Urheberrechtsrichtlinie, Richtlinie"
36,Beziehung,"Anweisung, Betriebssystemfunktion, Programmfunktion, Fehlfunktion, Sinusfunktion, Funktion, Rechner, System, Methode, Workflow-management, Veränderungsmanagement, Management, Bereich, Foreach-schleife, Schleife, Teamarbeit, Programmierarbeit, Arbeit, Verfahren, Form, Ausführung, Neuentwicklung, Entwicklung, Sprache, Problem, Ziel, Funktionsblock, Anweisungsblock, Programmstruktur, Datumenstruktur, Stellung, Lizenzvereinbarung, Vereinbarung, Online-verbindung, Verbindung, Operation, Fehlerart, Art"
37,Organisation,"Zwischencode, Maschinencode, Zielcode, Html-code, Bytecode, Code, Rechner, Quelltext, Anwendungssystem, Rechnersystem, Zielsystem, System, Hilfetext, Programmtext, N{\text, Text, Programm-quellcode, Quellcode, Methode, Workflow-management, Veränderungsmanagement, Management, Schleife, Verfahren, Microcomputer, Computer, Form, Ausführung, Auszeichnungssprache, Sprache, Stelle, Stellung, Vereinbarung, Online-verbindung, Verbindung, Assemblersprache, Fehlerart, Art"
38,Handlung,"Betriebssystemfunktion, Programmfunktion, Fehlfunktion, Sinusfunktion, Funktion, Ggt-algorithmus, Algorithmus, Workflow-management, Veränderungsmanagement, Management, Anforderungsanalyse, Performanzanalyse, Analyse, Schleife, Teamarbeit, Programmierarbeit, Arbeit, Rechenschritt, Schritt, Unix-anwendung, Anwendung, Neuentwicklung, Entwicklung, Berechnung, Anwendungsproblem, Problem, Entwicklertest, Test, Bauziel, Ziel, Quelltextformatierung, Formatierung, Schutz, Rechenoperation, Operation, Setzen, Übersetzen"
39,Anordnung,"Code, Sql-anweisung, Originalanweisung, Quellcodeanweisung, Ausgabeanweisung, Ablaufanweisung, Schleifenkontrollanweisung, Anweisung, Maschinenbefehl, Aufrufbefehl, Prozessorbefehl, Vergleichsbefehl, Befehl, Anwendungssystem, Rechnersystem, Zielsystem, System, Umgebung, Phase, Server-bereich, Desktop-bereich, Bereich, Schritt, Programmpaket, Paket, Sprache, Programmstruktur, Datumenstruktur, Editor, Verarbeitungsvorschrift, Vorschrift, Endanwendersicht, Sicht, Urheberrechtsrichtlinie, Richtlinie"
40,Sammlung,"Sql-anweisung, Originalanweisung, Quellcodeanweisung, Ausgabeanweisung, Ablaufanweisung, Schleifenkontrollanweisung, Anweisung, Befehl, System, Plattform, Bereich, Newton-verfahren, Iterationsverfahren, Verfahren, Syntaxfehler, Fehler, Oberflächenform, Form, Schritt, Neuentwicklung, Entwicklung, Programmpaket, Paket, Problemlösung, Lösung, Programmierstil, Einrückungsstil, Übersetzungsvorgang, Vorgang, Programmstruktur, Datumenstruktur, Editor, Variante, Vorschrift"
41,Schrift,"Code, Rechner, Quelltext, Anwendungssystem, Rechnersystem, Zielsystem, System, Hilfetext, Programmtext, N{\text, Text, Umgebung, Programm-quellcode, Quellcode, Phase, Server-bereich, Desktop-bereich, Bereich, Syntaxfehler, Fehler, Schritt, Anwendung, Programmdatei, Datei, Sprache, Dateiversion, Version, Programmstelle, Stelle, Software-dokument, Entwurfsdokument, Quelltextdaten, Eingabedaten, Art"
42,Verhalten,"Funktion, Ggt-algorithmus, Algorithmus, Workflow-management, Veränderungsmanagement, Management, Anforderungsanalyse, Performanzanalyse, Analyse, Teamarbeit, Programmierarbeit, Arbeit, Schritt, Unix-anwendung, Anwendung, Neuentwicklung, Entwicklung, Problem, Entwicklertest, Test, Bauziel, Ziel, Quelltextformatierung, Formatierung, Langzeitverhalten, Annuitätsprinzip, Prinzip, Verarbeitungsvorschrift, Vorschrift, Rechenoperation, Operation, Urheberrechtsrichtlinie, Richtlinie"
43,Abteilung,"Quelltext, System, Text, Plattform, Entwicklungsmethode, Iterationsmethode, Methode, Workflow-management, Veränderungsmanagement, Management, Bereich, Newton-verfahren, Iterationsverfahren, Verfahren, Fehler, Oberflächenform, Form, Unabhängigkeit, Programmausführung, Ausführung, Entwicklung, Auszeichnungssprache, Sprache, Programmstelle, Stelle, Programmstruktur, Datumenstruktur, Aufgabenstellung, Stellung, Variante, Fehlerart, Art"
44,Mittel,"Arbeitsplatzrechner, Edvac-rechner, Edsac-rechner, Großrechner, Rechner, Quelltext, Hilfetext, Programmtext, N{\text, Text, Übertragungsaufwand, Anpassungsaufwand, Entwicklungsaufwand, Aufwand, Quellcode, Plattform, Endgerät, Programmiergerät, Gerät, Teamarbeit, Programmierarbeit, Arbeit, Microcomputer, Computer, Entwicklung, Auszeichnungssprache, Sprache, Stelle, Werkzeug, Stellung, Adresse, Assemblersprache"
45,Tätigkeit,"Betriebssystemfunktion, Programmfunktion, Fehlfunktion, Sinusfunktion, Funktion, Workflow-management, Veränderungsmanagement, Management, Schleife, Teamarbeit, Programmierarbeit, Arbeit, Newton-verfahren, Iterationsverfahren, Verfahren, Syntaxfehler, Fehler, Neuentwicklung, Entwicklung, Programmstelle, Stelle, Anwendungsproblem, Problem, Methodenimplementierung, Implementierung, Bauziel, Ziel, Schutz, Rechenoperation, Operation, Setzen, Übersetzen"
46,Zeichen,"Quelltext, System, Hilfetext, Programmtext, N{\text, Text, Programm-quellcode, Quellcode, Bereich, Arbeit, Syntaxfehler, Fehler, Programmdatei, Datei, Auszeichnungssprache, Sprache, Version, Programmstelle, Stelle, Qualitätskriterium, Kriterium, Softwarequalität, Qualität, Software-dokument, Entwurfsdokument, Quelltextdaten, Eingabedaten, Rechenoperation, Operation, Hilfsvariable, Zeigervariable, Assemblersprache"
47,Gefüge,"Zwischencode, Maschinencode, Zielcode, Html-code, Bytecode, Code, Rechner, Quelltext, Anwendungssystem, Rechnersystem, Zielsystem, System, Hilfetext, Programmtext, N{\text, Text, Programm-quellcode, Quellcode, Methode, Verfahren, Microcomputer, Computer, Form, Ausführung, Auszeichnungssprache, Sprache, Stelle, Stellung, Assemblersprache, Fehlerart, Art"
48,Objekt,"Programm, Arbeitsplatzrechner, Edvac-rechner, Edsac-rechner, Großrechner, Rechner, Text, Zeit, Endgerät, Programmiergerät, Gerät, Workflow-management, Veränderungsmanagement, Management, Arbeit, Microcomputer, Computer, Fehler, Programmteil, Teil, Befehlsfolge, Folge, Programmstelle, Stelle, Bauziel, Ziel, Funktionsblock, Anweisungsblock, Werkzeug, Operation, Adresse"
49,Aktion,"Anweisung, Funktion, Workflow-management, Veränderungsmanagement, Management, Teamarbeit, Programmierarbeit, Arbeit, Newton-verfahren, Iterationsverfahren, Verfahren, Fehler, Form, Neuentwicklung, Entwicklung, Paket, Quadratwurzelberechnung, Berechnung, Lösung, Programmstelle, Stelle, Problem, Methodenimplementierung, Implementierung, Bauziel, Ziel, Übersetzungsvorgang, Vorgang, Editor, Rechenoperation, Operation"
50,Schema,"Zwischencode, Maschinencode, Zielcode, Html-code, Bytecode, Code, Rechner, Quelltext, Anwendungssystem, Rechnersystem, Zielsystem, System, Hilfetext, Programmtext, N{\text, Text, Programm-quellcode, Quellcode, Methode, Verfahren, Microcomputer, Computer, Form, Ausführung, Auszeichnungssprache, Sprache, Stelle, Stellung, Assemblersprache, Fehlerart, Art"
51,Code,"Programm, Zwischencode, Maschinencode, Zielcode, Html-code, Bytecode, Sql-anweisung, Originalanweisung, Quellcodeanweisung, Ausgabeanweisung, Ablaufanweisung, Schleifenkontrollanweisung, Anweisung, Befehl, Text, Umgebung, Programm-quellcode, Quellcode, Syntaxfehler, Fehler, Programmteil, Teil, Befehlsfolge, Folge, Programmstelle, Stelle, Endung, Vorschrift, Hilfsvariable, Zeigervariable"
52,Sprache,"Code, Rechner, Quelltext, Anwendungssystem, Rechnersystem, Zielsystem, System, Hilfetext, Programmtext, N{\text, Text, Umgebung, Programm-quellcode, Quellcode, Phase, Server-bereich, Desktop-bereich, Bereich, Syntaxfehler, Fehler, Schritt, Anwendung, Auszeichnungssprache, Dateiversion, Version, Programmstelle, Stelle, Assemblersprache, Art"
53,Bereich,"Funktion, Rechnerumgebung, Hardwareumgebung, Programmierumgebung, Umgebung, Cross-plattform, Zielplattform, Plattform, Compilezeit-phase, Projektphase, Phase, Server-bereich, Desktop-bereich, Teamarbeit, Programmierarbeit, Arbeit, Rechenschritt, Schritt, Neuentwicklung, Entwicklung, Stelle, Problem, Aufgabenstellung, Stellung, Operation, Speicheradresse, Adresse, Speicherverbrauch, Ressourcenverbrauch"
54,Abschnitt,"Methode, Compilezeit, Einarbeitungszeit, Zeit, Compilezeit-phase, Projektphase, Phase, Workflow-management, Veränderungsmanagement, Management, Newton-verfahren, Iterationsverfahren, Verfahren, Syntaxfehler, Fehler, Form, Ausführung, Sprache, Programmstelle, Stelle, Übersetzungsvorgang, Vorgang, Stellung, Ausführungszeitraum, Zeitraum, Software-lebenszyklus, Produktlebenszyklus, Fehlerart, Art"
55,Ort,"Betriebssystemfunktion, Programmfunktion, Fehlfunktion, Sinusfunktion, Funktion, Cross-plattform, Zielplattform, Plattform, Schleife, Teamarbeit, Programmierarbeit, Arbeit, Fehler, Neuentwicklung, Entwicklung, Programmstelle, Stelle, Anwendungsproblem, Problem, Ziel, Schutz, Aufgabenstellung, Stellung, Rechenoperation, Operation, Speicheradresse, Adresse, Setzen, Übersetzen"
56,Überlieferung,"Code, Rechner, Quelltext, Anwendungssystem, Rechnersystem, Zielsystem, System, Hilfetext, Programmtext, N{\text, Text, Umgebung, Programm-quellcode, Quellcode, Phase, Server-bereich, Desktop-bereich, Bereich, Syntaxfehler, Fehler, Schritt, Anwendung, Sprache, Dateiversion, Version, Programmstelle, Stelle, Art"
57,Entwurf,"Quelltext, System, Text, Plattform, Entwicklungsmethode, Iterationsmethode, Methode, Bereich, Newton-verfahren, Iterationsverfahren, Verfahren, Oberflächenform, Form, Unabhängigkeit, Programmausführung, Ausführung, Entwicklung, Auszeichnungssprache, Sprache, Version, Programmstruktur, Datumenstruktur, Aufgabenstellung, Stellung, Untervariante, Variante, Fehlerart, Art"
58,Maßeinheit,"Quelltext, System, Text, Plattform, Entwicklungsmethode, Iterationsmethode, Methode, Bereich, Newton-verfahren, Iterationsverfahren, Verfahren, Oberflächenform, Form, Rechenschritt, Schritt, Unabhängigkeit, Programmausführung, Ausführung, Entwicklung, Auszeichnungssprache, Sprache, Programmstruktur, Datumenstruktur, Aufgabenstellung, Stellung, Variante, Fehlerart, Art"
59,Einteilung,"Unterprogramm, Maschinenprogramm, Hauptprogramm, Stapelprogramm, Dialogprogramm, Systemprogramm, Dienstprogramm, Binärprogramm, Anwenderprogramm, Programm, Software, Quelltext, Compiler, Hilfetext, Programmtext, N{\text, Text, Quellcode, Texteditor, Rechenschritt, Schritt, Entwicklung, Befehlsfolge, Folge, Stelle, Debugger, Software-lebenszyklus, Produktlebenszyklus"
60,Werkzeug,"Funktion, Arbeitsplatzrechner, Edvac-rechner, Edsac-rechner, Großrechner, Rechner, Cross-plattform, Zielplattform, Plattform, Endgerät, Programmiergerät, Gerät, Teamarbeit, Programmierarbeit, Arbeit, Microcomputer, Computer, Neuentwicklung, Entwicklung, Stelle, Problem, Aufgabenstellung, Stellung, Operation, Speicheradresse, Adresse"
61,Material,"Sql-anweisung, Originalanweisung, Quellcodeanweisung, Ausgabeanweisung, Ablaufanweisung, Schleifenkontrollanweisung, Anweisung, Befehl, Umgebung, Schleife, Patch, Programmteil, Teil, Programmpaket, Paket, Folge, Problemlösung, Lösung, Software-dokument, Entwurfsdokument, Vereinbarung, Endung, Online-verbindung, Verbindung, Vorschrift"
62,Prozess,"Anweisung, Compilezeit, Einarbeitungszeit, Zeit, Compilezeit-phase, Projektphase, Phase, Newton-verfahren, Iterationsverfahren, Verfahren, Fehler, Form, Neuentwicklung, Entwicklung, Paket, Lösung, Übersetzungsvorgang, Vorgang, Ausführungszeitraum, Zeitraum, Software-lebenszyklus, Produktlebenszyklus, Speicherverbrauch, Ressourcenverbrauch"
63,Planung,"Zwischencode, Maschinencode, Zielcode, Html-code, Bytecode, Code, Quelltext, Anwendungssystem, Rechnersystem, Zielsystem, System, Text, Quellcode, Workflow-management, Veränderungsmanagement, Management, Computer, Auszeichnungssprache, Sprache, Quadratwurzelberechnung, Berechnung, Online-verbindung, Verbindung, Art"
64,Verhältnis,"Betriebssystemfunktion, Programmfunktion, Fehlfunktion, Sinusfunktion, Funktion, Workflow-management, Veränderungsmanagement, Management, Schleife, Teamarbeit, Programmierarbeit, Arbeit, Neuentwicklung, Entwicklung, Anwendungsproblem, Problem, Schutz, Vereinbarung, Online-verbindung, Verbindung, Rechenoperation, Operation, Art"
65,Informatik,"Quelltext, Hilfetext, Programmtext, N{\text, Text, Quellcode, Fehler, Datei, Auszeichnungssprache, Sprache, Programmstelle, Stelle, Programmcode, Qualitätskriterium, Kriterium, Softwarequalität, Qualität, Quelltextdaten, Eingabedaten, Operation, Hilfsvariable, Zeigervariable, Assemblersprache"
66,Software,"Unterprogramm, Maschinenprogramm, Hauptprogramm, Stapelprogramm, Dialogprogramm, Systemprogramm, Dienstprogramm, Binärprogramm, Anwenderprogramm, Programm, Quelloffene-software, Open-source-software, Individualsoftware, Anwendungssoftware, Jit-compiler, Precompiler, Java-compiler, Compiler, Texteditor, Problemlösung, Lösung, Debugger"
67,Vermögen,"Quelltext, System, Hilfetext, Programmtext, N{\text, Text, Erstellungsmöglichkeit, Klassifizierungsmöglichkeit, Verwechslungsmöglichkeit, Möglichkeit, Programm-quellcode, Quellcode, Bereich, Fehler, Auszeichnungssprache, Sprache, Version, Programmstelle, Stelle, Endanwendersicht, Sicht, Assemblersprache"
68,Programm,"Unterprogramm, Maschinenprogramm, Hauptprogramm, Stapelprogramm, Dialogprogramm, Systemprogramm, Dienstprogramm, Binärprogramm, Anwenderprogramm, Quelloffene-software, Open-source-software, Individualsoftware, Anwendungssoftware, Software, Jit-compiler, Precompiler, Java-compiler, Compiler, Texteditor, Problemlösung, Lösung, Debugger"
69,Form,"System, Cross-plattform, Zielplattform, Plattform, Bereich, Foreach-schleife, Schleife, Oberflächenform, Unix-anwendung, Anwendung, Dateiversion, Version, Quelltextformatierung, Formatierung, Kompilieren, Konfigurieren, Untervariante, Variante, Speicheradresse, Adresse, Prozessortyp, Cpu-typ"
70,Aufgabengebiet,"Rechnerumgebung, Hardwareumgebung, Programmierumgebung, Umgebung, Plattform, Compilezeit-phase, Projektphase, Phase, Server-bereich, Desktop-bereich, Bereich, Teamarbeit, Programmierarbeit, Arbeit, Rechenschritt, Schritt, Entwicklung, Stellung, Adresse, Speicherverbrauch, Ressourcenverbrauch"
71,Konstrukt,"Betriebssystemfunktion, Programmfunktion, Fehlfunktion, Sinusfunktion, Funktion, Gerät, Management, Foreach-schleife, Schleife, Syntaxfehler, Fehler, Teil, Programmstelle, Stelle, Bauziel, Ziel, Programmierdokumentation, Dokumentation, Werkzeug, Hilfsvariable, Zeigervariable"
72,Gebiet,"Rechnerumgebung, Hardwareumgebung, Programmierumgebung, Umgebung, Plattform, Compilezeit-phase, Projektphase, Phase, Server-bereich, Desktop-bereich, Bereich, Teamarbeit, Programmierarbeit, Arbeit, Rechenschritt, Schritt, Entwicklung, Stellung, Adresse, Speicherverbrauch, Ressourcenverbrauch"
73,Erklärung,"Sql-anweisung, Originalanweisung, Quellcodeanweisung, Ausgabeanweisung, Ablaufanweisung, Schleifenkontrollanweisung, Anweisung, Maschinenbefehl, Aufrufbefehl, Prozessorbefehl, Vergleichsbefehl, Befehl, Programmausführung, Ausführung, Version, Untervariante, Variante, Verarbeitungsvorschrift, Vorschrift, Urheberrechtsrichtlinie, Richtlinie"
74,Zeit,"Anweisung, Compilezeit, Einarbeitungszeit, Compilezeit-phase, Projektphase, Phase, Newton-verfahren, Iterationsverfahren, Verfahren, Fehler, Form, Entwicklung, Paket, Lösung, Übersetzungsvorgang, Vorgang, Ausführungszeitraum, Zeitraum, Software-lebenszyklus, Produktlebenszyklus"
75,Programme,"Unterprogramme, Quellprogramme, Java-programme, Binärprogramme, Compilezeit, Einarbeitungszeit, Zeit, Compilezeit-phase, Projektphase, Phase, Verfahren, Neuentwicklung, Entwicklung, Übersetzungsvorgang, Vorgang, Zeitraum, Software-lebenszyklus, Produktlebenszyklus, Speicherverbrauch, Ressourcenverbrauch"
76,Funktion,"Betriebssystemfunktion, Programmfunktion, Fehlfunktion, Sinusfunktion, Rechner, Endgerät, Programmiergerät, Gerät, Workflow-management, Veränderungsmanagement, Management, Computer, Programmteil, Teil, Folge, Stelle, Bauziel, Ziel, Werkzeug"
77,Variante,"Code, Rechner, Anwendungssystem, Rechnersystem, Zielsystem, System, Umgebung, Phase, Server-bereich, Desktop-bereich, Bereich, Schritt, Unix-anwendung, Anwendung, Sprache, Dateiversion, Version, Untervariante, Art"
78,Energie,"Betriebssystemfunktion, Programmfunktion, Fehlfunktion, Sinusfunktion, Funktion, Übertragungsaufwand, Anpassungsaufwand, Entwicklungsaufwand, Aufwand, Teamarbeit, Programmierarbeit, Arbeit, Neuentwicklung, Entwicklung, Anwendungsproblem, Problem, Schutz, Rechenoperation, Operation"
79,Vereinbarung,"Methode, Verfahren, Syntaxfehler, Fehler, Form, Rechenschritt, Schritt, Ausführung, Sprache, Programmstelle, Stelle, Aufgabenstellung, Stellung, Lizenzvereinbarung, Speicheradresse, Adresse, Fehlerart, Art"
80,Gestalt,"Cross-plattform, Zielplattform, Plattform, Foreach-schleife, Schleife, Oberflächenform, Form, Unix-anwendung, Anwendung, Version, Quelltextformatierung, Formatierung, Untervariante, Variante, Speicheradresse, Adresse, Prozessortyp, Cpu-typ"
81,Person,"Arbeitsplatzrechner, Edvac-rechner, Edsac-rechner, Großrechner, Rechner, Rechnerumgebung, Hardwareumgebung, Programmierumgebung, Umgebung, Editor, Obfuscator, Iterator, Rechenoperation, Operation, Hilfsvariable, Zeigervariable, Prozessortyp, Cpu-typ"
82,Bedeutungen,"Cross-plattform, Zielplattform, Plattform, Foreach-schleife, Schleife, Oberflächenform, Form, Unix-anwendung, Anwendung, Version, Quelltextformatierung, Formatierung, Untervariante, Variante, Speicheradresse, Adresse, Prozessortyp, Cpu-typ"
83,Endzustand,"Cross-plattform, Zielplattform, Plattform, Foreach-schleife, Schleife, Oberflächenform, Form, Unix-anwendung, Anwendung, Version, Quelltextformatierung, Formatierung, Untervariante, Variante, Speicheradresse, Adresse, Prozessortyp, Cpu-typ"
84,Anforderungen,"Cross-plattform, Zielplattform, Plattform, Foreach-schleife, Schleife, Oberflächenform, Form, Unix-anwendung, Anwendung, Version, Quelltextformatierung, Formatierung, Untervariante, Variante, Speicheradresse, Adresse, Prozessortyp, Cpu-typ"
85,Arbeit,"Betriebssystemfunktion, Programmfunktion, Fehlfunktion, Sinusfunktion, Funktion, Teamarbeit, Programmierarbeit, Neuentwicklung, Entwicklung, Berechnung, Anwendungsproblem, Problem, Ziel, Urheberschutz, Schutz, Rechenoperation, Operation"
86,Sprachfamilie,"Quelltext, System, Hilfetext, Programmtext, N{\text, Text, Programm-quellcode, Quellcode, Bereich, Fehler, Auszeichnungssprache, Sprache, Version, Programmstelle, Stelle, Assemblersprache"
87,Sprechweise,"Zwischencode, Maschinencode, Zielcode, Html-code, Bytecode, Code, Anweisung, Programm-quellcode, Quellcode, Fehler, Teil, Folge, Programmstelle, Stelle, Hilfsvariable, Zeigervariable"
88,Kommunikationsmittel,"Quelltext, System, Hilfetext, Programmtext, N{\text, Text, Programm-quellcode, Quellcode, Bereich, Fehler, Auszeichnungssprache, Sprache, Version, Programmstelle, Stelle, Assemblersprache"
89,Bestimmung,"Sql-anweisung, Originalanweisung, Quellcodeanweisung, Ausgabeanweisung, Ablaufanweisung, Schleifenkontrollanweisung, Anweisung, Maschinenbefehl, Aufrufbefehl, Prozessorbefehl, Vergleichsbefehl, Befehl, Verarbeitungsvorschrift, Vorschrift, Urheberrechtsrichtlinie, Richtlinie"
90,Varietät,"Quelltext, System, Hilfetext, Programmtext, N{\text, Text, Programm-quellcode, Quellcode, Bereich, Fehler, Auszeichnungssprache, Sprache, Version, Programmstelle, Stelle, Assemblersprache"
91,Aufgabe,"Betriebssystemfunktion, Programmfunktion, Fehlfunktion, Sinusfunktion, Funktion, Gerät, Management, Teil, Anwendungsproblem, Problem, Bauziel, Ziel, Urheberschutz, Schutz, Werkzeug"
92,Anstrengung,"Betriebssystemfunktion, Programmfunktion, Fehlfunktion, Sinusfunktion, Funktion, Teamarbeit, Programmierarbeit, Arbeit, Neuentwicklung, Entwicklung, Anwendungsproblem, Problem, Schutz, Rechenoperation, Operation"
93,Kleidung,"Programm, Text, Zeit, Management, Foreach-schleife, Schleife, Programmteil, Teil, Befehlsfolge, Folge, Stelle, Funktionsblock, Anweisungsblock, Operation, Adresse"
94,Anweisung,"Sql-anweisung, Originalanweisung, Quellcodeanweisung, Ausgabeanweisung, Ablaufanweisung, Schleifenkontrollanweisung, Maschinenbefehl, Aufrufbefehl, Prozessorbefehl, Vergleichsbefehl, Befehl, Verarbeitungsvorschrift, Vorschrift, Urheberrechtsrichtlinie, Richtlinie"
95,Position,"Foreach-schleife, Schleife, Syntaxfehler, Fehler, Programmstelle, Stelle, Bauziel, Ziel, Aufgabenstellung, Stellung, Speicheradresse, Adresse, Setzen, Übersetzen"
96,Verbindung,"Arbeitsplatzrechner, Edvac-rechner, Edsac-rechner, Großrechner, Rechner, Foreach-schleife, Schleife, Schritt, Stelle, Funktionsblock, Anweisungsblock, Lizenzvereinbarung, Vereinbarung, Online-verbindung"
97,Handeln,"Entwicklungsmethode, Iterationsmethode, Methode, Newton-verfahren, Iterationsverfahren, Verfahren, Syntaxfehler, Fehler, Entwicklung, Berechnung, Programmstelle, Stelle, Rechenoperation, Operation"
98,Moment,"Compilezeit, Einarbeitungszeit, Zeit, Compilezeit-phase, Projektphase, Phase, Verfahren, Übersetzungsvorgang, Vorgang, Ausführungszeitraum, Zeitraum, Software-lebenszyklus, Produktlebenszyklus"
99,Gegenwart,"Compilezeit, Einarbeitungszeit, Zeit, Compilezeit-phase, Projektphase, Phase, Verfahren, Übersetzungsvorgang, Vorgang, Ausführungszeitraum, Zeitraum, Software-lebenszyklus, Produktlebenszyklus"
100,Raumzeit,"Compilezeit, Einarbeitungszeit, Zeit, Compilezeit-phase, Projektphase, Phase, Verfahren, Übersetzungsvorgang, Vorgang, Ausführungszeitraum, Zeitraum, Software-lebenszyklus, Produktlebenszyklus"
101,Wert,"Teamarbeit, Programmierarbeit, Arbeit, Syntaxfehler, Fehler, Entwicklung, Berechnung, Programmstelle, Stelle, Softwarequalität, Qualität, Rechenoperation, Operation"
102,Teilmenge,"Rechnerumgebung, Hardwareumgebung, Programmierumgebung, Umgebung, Compilezeit-phase, Projektphase, Phase, Server-bereich, Desktop-bereich, Bereich, Arbeit, Rechenschritt, Schritt"
103,Beschreibung,"Code, Anwendungssystem, Rechnersystem, Zielsystem, System, Management, Rechenschritt, Schritt, Sprache, Quadratwurzelberechnung, Berechnung, Verbindung"
104,Anstellung,"Schleife, Syntaxfehler, Fehler, Programmstelle, Stelle, Ziel, Aufgabenstellung, Stellung, Speicheradresse, Adresse, Setzen, Übersetzen"
105,Wortgruppen,"Betriebssystemfunktion, Programmfunktion, Fehlfunktion, Sinusfunktion, Funktion, Gerät, Management, Teil, Bauziel, Ziel, Werkzeug"
106,Kode,"Betriebssystemfunktion, Programmfunktion, Fehlfunktion, Sinusfunktion, Funktion, Gerät, Management, Teil, Bauziel, Ziel, Werkzeug"
107,Einsatz,"Funktion, Teamarbeit, Programmierarbeit, Arbeit, Neuentwicklung, Entwicklung, Quadratwurzelberechnung, Berechnung, Problem, Rechenoperation, Operation"
108,Aufwand,"Funktion, Übertragungsaufwand, Anpassungsaufwand, Entwicklungsaufwand, Teamarbeit, Programmierarbeit, Arbeit, Neuentwicklung, Entwicklung, Problem, Operation"
109,Maschine,"Arbeitsplatzrechner, Edvac-rechner, Edsac-rechner, Großrechner, Rechner, Microcomputer, Computer, Syntaxfehler, Fehler, Programmstelle, Stelle"
110,Einigung,"Fehler, Rechenschritt, Schritt, Programmstelle, Stelle, Stellung, Lizenzvereinbarung, Vereinbarung, Adresse, Art"
111,Einvernehmen,"Fehler, Rechenschritt, Schritt, Programmstelle, Stelle, Stellung, Lizenzvereinbarung, Vereinbarung, Adresse, Art"
112,Gerät,"Arbeitsplatzrechner, Edvac-rechner, Edsac-rechner, Großrechner, Rechner, Endgerät, Programmiergerät, Microcomputer, Computer, Stelle"
113,Briefmarke,"Arbeit, Fehler, Programmstelle, Stelle, Funktionsblock, Anweisungsblock, Softwarequalität, Qualität, Rechenoperation, Operation"
114,Arbeitsmittel,"Arbeitsplatzrechner, Edvac-rechner, Edsac-rechner, Großrechner, Rechner, Endgerät, Programmiergerät, Gerät, Microcomputer, Computer"
115,Stellung,"Schleife, Fehler, Programmstelle, Stelle, Ziel, Aufgabenstellung, Speicheradresse, Adresse, Setzen, Übersetzen"
116,Abkommen,"Fehler, Rechenschritt, Schritt, Programmstelle, Stelle, Stellung, Lizenzvereinbarung, Vereinbarung, Adresse, Art"
117,Abmachung,"Fehler, Rechenschritt, Schritt, Programmstelle, Stelle, Stellung, Lizenzvereinbarung, Vereinbarung, Adresse, Art"
118,Körperhaltung,"Syntaxfehler, Fehler, Programmstelle, Stelle, Programmierdokumentation, Dokumentation, Aufgabenstellung, Stellung, Speicheradresse, Adresse"
119,Computer,"Arbeitsplatzrechner, Edvac-rechner, Edsac-rechner, Großrechner, Rechner, Microcomputer, Fehler, Programmstelle, Stelle"
120,Zahl,"Arbeit, Syntaxfehler, Fehler, Programmstelle, Stelle, Softwarequalität, Qualität, Rechenoperation, Operation"
121,Bitte,"Maschinenbefehl, Aufrufbefehl, Prozessorbefehl, Vergleichsbefehl, Befehl, Datenbankaufruf, Aufruf, Speicheradresse, Adresse"
122,Verbundenheit,"Rechner, Foreach-schleife, Schleife, Funktionsblock, Anweisungsblock, Lizenzvereinbarung, Vereinbarung, Online-verbindung, Verbindung"
123,Verein,"Rechner, Foreach-schleife, Schleife, Funktionsblock, Anweisungsblock, Lizenzvereinbarung, Vereinbarung, Online-verbindung, Verbindung"
124,Ausführung,"System, Bereich, Anwendung, Programmausführung, Dateiversion, Version, Untervariante, Variante"
125,Stil,"Syntaxfehler, Fehler, Programmstelle, Stelle, Programmierdokumentation, Dokumentation, Programmierstil, Einrückungsstil"
126,Erstellung,"Newton-verfahren, Iterationsverfahren, Verfahren, Fehler, Codeerstellung, Programmstelle, Stelle"
127,Terminus,"System, Bereich, Anwendung, Dateiversion, Version, Untervariante, Variante"
128,Auswahl,"Fehler, Programmstelle, Stelle, Programmierdokumentation, Dokumentation, Programmierstil, Einrückungsstil"
129,Zusammenschluss,"Arbeitsplatzrechner, Edvac-rechner, Edsac-rechner, Großrechner, Rechner, Funktionsblock, Anweisungsblock"
130,Möglichkeiten,"System, Bereich, Anwendung, Dateiversion, Version, Untervariante, Variante"
131,Stilistik,"Fehler, Programmstelle, Stelle, Programmierdokumentation, Dokumentation, Programmierstil, Einrückungsstil"
132,Untersuchung,"Anforderungsanalyse, Performanzanalyse, Analyse, Rechenschritt, Schritt, Entwicklertest, Test"
133,Lesart,"System, Bereich, Anwendung, Dateiversion, Version, Untervariante, Variante"
134,Aufforderung,"Maschinenbefehl, Aufrufbefehl, Prozessorbefehl, Vergleichsbefehl, Befehl, Datenbankaufruf, Aufruf"
135,Produktion,"Newton-verfahren, Iterationsverfahren, Verfahren, Syntaxfehler, Fehler, Programmstelle, Stelle"
136,Richtung,"Foreach-schleife, Schleife, Bauziel, Ziel, Setzen, Übersetzen"
137,Ausrichtung,"Foreach-schleife, Schleife, Bauziel, Ziel, Setzen, Übersetzen"
138,Zugang,"Entwicklung, Berechnung, Obfuscator, Iterator, Rechenoperation, Operation"
139,Ausdruck,"Syntaxfehler, Fehler, Programmstelle, Stelle, Programmierdokumentation, Dokumentation"
140,Bestand,"Programmdatei, Datei, Software-dokument, Entwurfsdokument, Quelltextdaten, Eingabedaten"
141,Eingriff,"Neuentwicklung, Entwicklung, Quadratwurzelberechnung, Berechnung, Rechenoperation, Operation"
142,Daten,"Programmdatei, Datei, Software-dokument, Entwurfsdokument, Quelltextdaten, Eingabedaten"
143,Regel,"Annuitätsprinzip, Prinzip, Verarbeitungsvorschrift, Vorschrift, Urheberrechtsrichtlinie, Richtlinie"
144,Information,"Programmdatei, Datei, Software-dokument, Entwurfsdokument, Quelltextdaten, Eingabedaten"
145,Messwerte,"Programmdatei, Datei, Software-dokument, Entwurfsdokument, Quelltextdaten, Eingabedaten"
146,Ergebnissen,"Entwicklungsmethode, Iterationsmethode, Methode, Newton-verfahren, Iterationsverfahren, Verfahren"
147,Durchführung,"Newton-verfahren, Iterationsverfahren, Verfahren, Methodenimplementierung, Implementierung"
148,Ansicht,"Stelle, Aufgabenstellung, Stellung, Speicheradresse, Adresse"
149,Cluster,"Arbeitsplatzrechner, Edvac-rechner, Edsac-rechner, Großrechner, Rechner"
150,Hilfsmittel,"Arbeitsplatzrechner, Edvac-rechner, Edsac-rechner, Großrechner, Rechner"
151,Version,"Unix-anwendung, Anwendung, Dateiversion, Kompilieren, Konfigurieren"
152,Methode,"Entwicklungsmethode, Iterationsmethode, Newton-verfahren, Iterationsverfahren, Verfahren"
153,Rechenzentrum,"Arbeitsplatzrechner, Edvac-rechner, Edsac-rechner, Großrechner, Rechner"
154,Rechenmaschine,"Arbeitsplatzrechner, Edvac-rechner, Edsac-rechner, Großrechner, Rechner"
155,Möglichkeit,"Erstellungsmöglichkeit, Klassifizierungsmöglichkeit, Verwechslungsmöglichkeit, Endanwendersicht, Sicht"
156,Rechenhilfsmittel,"Arbeitsplatzrechner, Edvac-rechner, Edsac-rechner, Großrechner, Rechner"
157,Zusammenstellung,"Programmpaket, Paket, Editor, Endanwendersicht, Sicht"
158,Computernetzwerk,"Arbeitsplatzrechner, Edvac-rechner, Edsac-rechner, Großrechner, Rechner"
159,Umsetzung,"Programmausführung, Ausführung, Version, Untervariante, Variante"
160,Operation,"Neuentwicklung, Entwicklung, Quadratwurzelberechnung, Berechnung, Rechenoperation"
