labels,word
Gang,Arbeitsleistung
Gang,Regelleistung
Sinn,Leistung
Sinn,Schule
Güte,Dienstgeschäft
Güte,Haustürgeschäft
Gang,Erziehungsarbeit
Gang,Arbeit
Gang,Beschreibung
Gang,Lernen
Gang,Kennenlernen
Gang,Organisation
Umgang,Trampertreffen
Umgang,Verbreitung
Gang,Treffen
Gang,Arbeitgeber
-,Transportmittel
Gasse,Ziel
Gasse,Familie
Gang,Eisenbahn
Gang,Abenteuer
Ziffer,Information
Ziffer,Stelle
Stätte,Studie
Stätte,Soldat
-,Erledigung
Gerät,Unterweisung
Gerät,Wohnung
-,Durchführung
-,Bahn
-,Richtung
Aufbau,Fahrt
Aufbau,Wagenklasse
Bezug,Beförderungsklasse
Bezug,Klasse
Bezug,Fahrtzweck
Bezug,Erziehungszweck
Sinn,Zweck
Sinn,Reiseform
Bezug,Wiki-form
Bezug,Form
Bezug,Dienst
Bezug,Sicherheit
Gang,Tätigkeit
Gang,Science-fiction-roman
Gasse,Schild
Gasse,Roman
Güte,Dienstgang
Güte,Unterrichtsgang
Gerät,Grund
Gerät,Arbeitsanweisung
Umgang,Dienstanweisung
Umgang,Welt
-,Vorschuss
Sinn,Reiseart
Sinn,Gastfamilie
Gasse,Art
Gasse,Land
Ziffer,Deutschland
Ziffer,Bezug
-,Teil
Erdteil,Europa
Erdteil,Mensch
Gang,Privatwirtschaft
Gang,Betrieb
Umgang,Regelung
Umgang,Bestandteil
-,Schiff
Gerät,Kontinent
Gerät,Frau
-,Österreich
Erdteil,Schweiz
Erdteil,Band
Gang,Verb
Gang,Tag
Gerät,Geschichte
Gerät,Berg
-,Gesellschaft
-,Asien
-,Gruppe
Bezug,Schulbus
Bezug,Reiseverkehrsmittel
-,Auto
Gang,Autofahrer
Gang,Kraftfahrzeug
Gang,Hauptmotivation
Gang,Prestigemotivation
Bezug,Motivation
Bezug,Bedeutung
Gang,Schulfahrt
Gang,Schülerfahrt
Güte,Studienfahrt
Güte,Frauenfahrt
Gang,Klassenfahrt
Gang,Mitreisen
-,Reisesicherheit
Güte,Reiseführer
Güte,Auswärtstätigkeit
-,Interesse
Gerät,Hochkulturschema
Gerät,Rechtsbegriff
Gerät,Trivialschema
Gerät,Literatur
Gang,Tramper-bewegung
Gang,Dienstreise
-,Hippie-bewegung
Gerät,Wandererlass
Gerät,Richter
Gang,Fahrtenerlass
Gang,Schülersammelliste
-,Wohlfahrtsverband
Gerät,Caritasverband
Gerät,Schülerliste
-,Unternehmen
-,Bestimmung
Gang,Schulreise
Gang,Abi-reise
Gang,Matura-reise
Gang,Schulausflug
-,Austauschreise
Güte,Reise
Güte,Forschungsweltreise
Gang,Weltreise
Gang,Fernflug
Gang,Flug
Gang,Reisen
-,Auslandreisen
-,Geschäftsreise
-,Schulwanderung
-,Bundesland
Gerät,Reisegrund
Gerät,Jahrhundert
-,Englisch
Gang,Fahrtkosten
Gang,Kosten
-,Übernachtungskosten
