labels,words,scores
Sprung,"Transaktionsprotokoll, Ereignisprotokoll, Protokoll, Datumensatz, Satz",0.9704317212104797
Lehre,"Transaktionsprotokoll, Ereignisprotokoll, Protokoll, Datumensatz, Satz",0.9704317212104797
Generation,"Transaktionsprotokoll, Ereignisprotokoll, Protokoll, Datumensatz, Satz",0.9704317212104797
Gedanke,"Transaktionsprotokoll, Ereignisprotokoll, Protokoll, Datumensatz, Satz",0.9704317212104797
Rückstand,"Transaktionsprotokoll, Ereignisprotokoll, Protokoll, Datumensatz, Satz",0.9704317212104797
Fortbewegung,"Transaktionsprotokoll, Ereignisprotokoll, Protokoll, Datumensatz, Satz",0.9704317212104797
Jungtier,"Transaktionsprotokoll, Ereignisprotokoll, Protokoll, Datumensatz, Satz",0.9704317212104797
Rest,"Transaktionsprotokoll, Ereignisprotokoll, Protokoll, Datumensatz, Satz",0.9704317212104797
Körper,"Transaktionsprotokoll, Ereignisprotokoll, Protokoll, Datumensatz, Satz",0.9704317212104797
Maß,"Xml-format, Rdf-format, Format, Transaktionsprotokoll, Ereignisprotokoll, Protokoll, Datumensatz, Satz",0.9466038431440081
Bewegung,"Transaktionsprotokoll, Ereignisprotokoll, Protokoll, Datumensatz, Satz, Spezialfall, Fall",0.9198852862630572
Rechner,"Speichermedium, Telemedium, Medium, Peer-to-peer-netzwerk, Netzwerk",0.916897177696228
Vorstellung,"Versionsverwaltungssystem, Data-warehouse-system, Computersystem, Windows-system, Objektdatenbanksystem, Datenbanksystem, Datenspeichersystem, System, Manipulationssprache, Datenmanipulationssprache, Datenbanksprache, Datenverarbeitungssprache, Datenaufsichtssprache, Teilsprache, Sprache, Abfragesprache, Speichermedium, Telemedium, Medium, Typbegriff, Begriff, Verfahren, Code",0.9126975260704402
Vermögen,"Manipulationssprache, Datenmanipulationssprache, Datenbanksprache, Datenverarbeitungssprache, Datenaufsichtssprache, Teilsprache, Sprache, Datenbank-)abfragesprache, Abfragesprache, Datumenfeld, Feld",0.8992042731155049
Varietät,"Manipulationssprache, Datenmanipulationssprache, Datenbanksprache, Datenverarbeitungssprache, Datenaufsichtssprache, Teilsprache, Sprache, Datenbank-)abfragesprache, Abfragesprache",0.8933908169468244
Kommunikationsmittel,"Manipulationssprache, Datenmanipulationssprache, Datenbanksprache, Datenverarbeitungssprache, Datenaufsichtssprache, Teilsprache, Sprache, Datenbank-)abfragesprache, Abfragesprache",0.8933908169468244
Sprachfamilie,"Manipulationssprache, Datenmanipulationssprache, Datenbanksprache, Datenverarbeitungssprache, Datenaufsichtssprache, Teilsprache, Sprache, Datenbank-)abfragesprache, Abfragesprache",0.8933908169468244
Zusammensetzen,"Versionsverwaltungssystem, Data-warehouse-system, Computersystem, Windows-system, Objektdatenbanksystem, Datenbanksystem, Datenspeichersystem, System, Sprache, Relationale-datenbank-muster, Sicherheitsmuster, Denormalisierungsmuster, Verteilungsmuster, Auflösungsmuster, Antimuster, Muster, Modell, Verteilung, Satz, Datumenstruktur, Struktur, Code",0.8923686420246636
Statistik,"Referenztabelle, Mastertabelle, Transaktionstabelle, Querverweistabelle, History-tabelle, Lookup-tabelle, Quelltabelle, Zieltabelle, Hashtabelle, Tabelle, Datenbanktabelle",0.8913510143756866
Begriff,"Versionsverwaltungssystem, Data-warehouse-system, Computersystem, Windows-system, Objektdatenbanksystem, Datenbanksystem, Datenspeichersystem, System, Manipulationssprache, Datenmanipulationssprache, Datenbanksprache, Datenverarbeitungssprache, Datenaufsichtssprache, Teilsprache, Sprache, Information, Datenbank-)abfragesprache, Abfragesprache, Speichermedium, Telemedium, Medium, Typbegriff, Dta-verfahren, Verfahren, Ascii-code, Code",0.8799914636061742
Muster,"Sprache, Relationale-datenbank-muster, Sicherheitsmuster, Denormalisierungsmuster, Verteilungsmuster, Auflösungsmuster, Antimuster, Berechnungsmodell, Objektdatenbankmodell, Datenbankmodell, Netzwerkdatenbankmodell, Datumenmodell, Modell, Form, Datumenmenge, Dokumentmenge, Menge, Medium, Teil, Struktur, Objektklasse, Klasse, Zustand, Verarbeitung, Bestand, Fall, Verfahren, Gruppe, Zweck, Typ",0.8715299996006958
Aussehen,"Tabelle, Versionsverwaltungssystem, Data-warehouse-system, Computersystem, Windows-system, Objektdatenbanksystem, Datenbanksystem, Datenspeichersystem, System, Manipulationssprache, Datenmanipulationssprache, Datenbanksprache, Datenverarbeitungssprache, Datenaufsichtssprache, Teilsprache, Sprache, Relationale-datenbank-muster, Sicherheitsmuster, Denormalisierungsmuster, Verteilungsmuster, Auflösungsmuster, Antimuster, Muster, Berechnungsmodell, Objektdatenbankmodell, Datenbankmodell, Netzwerkdatenbankmodell, Datumenmodell, Modell, Information, Lastenverteilung, Lastverteilung, Verteilung, Abfragesprache, Protokoll, Datumensatz, Satz, Datumenstruktur, Struktur, Klasse, Liste, Paket, Ascii-code, Code",0.8703419969924566
Zusammensetzung,"Tabelle, Versionsverwaltungssystem, Data-warehouse-system, Computersystem, Windows-system, Objektdatenbanksystem, Datenbanksystem, Datenspeichersystem, System, Manipulationssprache, Datenmanipulationssprache, Datenbanksprache, Datenverarbeitungssprache, Datenaufsichtssprache, Teilsprache, Sprache, Relationale-datenbank-muster, Sicherheitsmuster, Denormalisierungsmuster, Verteilungsmuster, Auflösungsmuster, Antimuster, Muster, Berechnungsmodell, Objektdatenbankmodell, Datenbankmodell, Netzwerkdatenbankmodell, Datumenmodell, Modell, Information, Lastenverteilung, Lastverteilung, Verteilung, Abfragesprache, Protokoll, Datumensatz, Satz, Datumenstruktur, Struktur, Klasse, Liste, Paket, Ascii-code, Code",0.8703419969924566
Tabelle,"Referenztabelle, Mastertabelle, Transaktionstabelle, Querverweistabelle, History-tabelle, Lookup-tabelle, Quelltabelle, Zieltabelle, Hashtabelle, Datenbanktabelle",0.869103686677085
Sprache,"Manipulationssprache, Datenmanipulationssprache, Datenbanksprache, Datenverarbeitungssprache, Datenaufsichtssprache, Teilsprache, Datenbank-)abfragesprache, Abfragesprache",0.866035204912935
Zusammenstellung,"Referenztabelle, Mastertabelle, Transaktionstabelle, Querverweistabelle, History-tabelle, Lookup-tabelle, Quelltabelle, Zieltabelle, Hashtabelle, Tabelle, Programmpaket, Paket, Datenbanktabelle",0.8637265872496825
Mathematik,"Referenztabelle, Mastertabelle, Transaktionstabelle, Querverweistabelle, History-tabelle, Lookup-tabelle, Quelltabelle, Zieltabelle, Hashtabelle, Tabelle, Datumenfeld, Feld, Datensatzbegrenzung, Fremdschlüsselbegrenzung, Datenbanktabelle",0.858411373214283
Computerprogramm,"Dokumentenserver, Single-server, Master-server, E-mail-server, Proxyserver, Anbieterserver, Publikationsserver, Dokumenten-server, Hochschulschriftenserver, Preprint-server, Opus-server, Server",0.8518175658854571
Computer,"Dokumentenserver, Single-server, Master-server, E-mail-server, Proxyserver, Anbieterserver, Publikationsserver, Dokumenten-server, Hochschulschriftenserver, Preprint-server, Opus-server, Server",0.8518175658854571
Server,"Dokumentenserver, Single-server, Master-server, E-mail-server, Proxyserver, Anbieterserver, Publikationsserver, Dokumenten-server, Hochschulschriftenserver, Preprint-server, Opus-server",0.837295508926565
Gefüge,"Versionsverwaltungssystem, Data-warehouse-system, Computersystem, Windows-system, Objektdatenbanksystem, Datenbanksystem, Datenspeichersystem, System, Manipulationssprache, Datenmanipulationssprache, Datenbanksprache, Datenverarbeitungssprache, Datenaufsichtssprache, Teilsprache, Sprache, Abhängigkeitsinformation, Internet-information, Laufzeitinformation, Netzwerkinformation, Information, Schlüssel, Datenbank-)abfragesprache, Abfragesprache, Name, Satz, Liste, Fall, Artikelnummer, Kundennummer, Ascii-code, Code",0.8308367104335909
Schema,"Versionsverwaltungssystem, Data-warehouse-system, Computersystem, Windows-system, Objektdatenbanksystem, Datenbanksystem, Datenspeichersystem, System, Manipulationssprache, Datenmanipulationssprache, Datenbanksprache, Datenverarbeitungssprache, Datenaufsichtssprache, Teilsprache, Sprache, Abhängigkeitsinformation, Internet-information, Laufzeitinformation, Netzwerkinformation, Information, Schlüssel, Datenbank-)abfragesprache, Abfragesprache, Name, Satz, Liste, Fall, Artikelnummer, Kundennummer, Ascii-code, Code",0.8308367104335909
Oberbegriff,"Speichermedium, Telemedium, Medium, Dta-verfahren, Verfahren",0.82831492125988
Anordnung,"Referenztabelle, Mastertabelle, Transaktionstabelle, Querverweistabelle, History-tabelle, Lookup-tabelle, Quelltabelle, Zieltabelle, Hashtabelle, Tabelle, Versionsverwaltungssystem, Data-warehouse-system, Computersystem, Windows-system, Objektdatenbanksystem, Datenbanksystem, Datenspeichersystem, System, Sprache, Relationale-datenbank-muster, Sicherheitsmuster, Denormalisierungsmuster, Verteilungsmuster, Auflösungsmuster, Antimuster, Muster, Modell, Programm, Transaktion, Lastenverteilung, Lastverteilung, Verteilung, Satz, Datumenstruktur, Struktur, Adressliste, Liste, Programmpaket, Paket, Datenbanktabelle, Code",0.8271188225384898
Struktur,"Referenztabelle, Mastertabelle, Transaktionstabelle, Querverweistabelle, History-tabelle, Lookup-tabelle, Quelltabelle, Zieltabelle, Hashtabelle, Tabelle, Versionsverwaltungssystem, Data-warehouse-system, Computersystem, Windows-system, Objektdatenbanksystem, Datenbanksystem, Datenspeichersystem, System, Manipulationssprache, Datenmanipulationssprache, Datenbanksprache, Datenverarbeitungssprache, Datenaufsichtssprache, Teilsprache, Sprache, Relationale-datenbank-muster, Sicherheitsmuster, Denormalisierungsmuster, Verteilungsmuster, Auflösungsmuster, Antimuster, Muster, Berechnungsmodell, Objektdatenbankmodell, Datenbankmodell, Netzwerkdatenbankmodell, Datumenmodell, Modell, Abhängigkeitsinformation, Internet-information, Laufzeitinformation, Netzwerkinformation, Information, Schlüssel, Lastenverteilung, Lastverteilung, Verteilung, Datenbank-)abfragesprache, Abfragesprache, Name, Menge, Transaktionsprotokoll, Ereignisprotokoll, Protokoll, Datumensatz, Satz, Datumenstruktur, Objektklasse, Klasse, Adressliste, Liste, Fall, Programmpaket, Paket, Datenbanktabelle, Artikelnummer, Kundennummer, Ascii-code, Code",0.8224919244555529
Programm,"Dokumentenserver, Single-server, Master-server, E-mail-server, Proxyserver, Anbieterserver, Publikationsserver, Dokumenten-server, Hochschulschriftenserver, Preprint-server, Opus-server, Server, Grafiksoftware, Systemsoftware, Gurocksoftware, Archivsoftware, Anwendungssoftware, Software, Hintergrundprogramm, Installationsprogramm, Anwendungsprogramm, Softwarelösung, Lösung",0.8145201155555107
Masse,"Sprache, Form, Datumenmenge, Dokumentmenge, Menge, Transaktionsprotokoll, Ereignisprotokoll, Protokoll, Medium, Datumensatz, Satz, Teil, Struktur, Objektklasse, Klasse, Zustand, Verarbeitung, Bestand, Fall, Verfahren, Gruppe, Zweck, Typ",0.8126457055318596
Sachverhalt,"Transaktionsprotokoll, Ereignisprotokoll, Protokoll, Datumensatz, Satz, Leistungsproblem, Problem",0.8115307064283461
Software,"Dokumentenserver, Single-server, Master-server, E-mail-server, Proxyserver, Anbieterserver, Publikationsserver, Dokumenten-server, Hochschulschriftenserver, Preprint-server, Opus-server, Server, Grafiksoftware, Systemsoftware, Gurocksoftware, Archivsoftware, Anwendungssoftware, Hintergrundprogramm, Installationsprogramm, Anwendungsprogramm, Programm, Softwarelösung, Lösung",0.8048553717701803
Ing,"Fetching, Modeling, Beginning, Processing, Warning, Logging, Tracing, Harvesting",0.8018547988363675
Vorname,"Fetching, Modeling, Beginning, Processing, Warning, Logging, Tracing, Harvesting",0.8018547988363675
Verbindung,"Speichermedium, Telemedium, Medium, Anwendungsseite, Seite, Peer-to-peer-netzwerk, Netzwerk, Publikationsverbund, Verbund, Analysezweck, Zweck",0.796278747103431
Aufbau,"Tabelle, Versionsverwaltungssystem, Data-warehouse-system, Computersystem, Windows-system, Objektdatenbanksystem, Datenbanksystem, Datenspeichersystem, System, Manipulationssprache, Datenmanipulationssprache, Datenbanksprache, Datenverarbeitungssprache, Datenaufsichtssprache, Teilsprache, Sprache, Relationale-datenbank-muster, Sicherheitsmuster, Denormalisierungsmuster, Verteilungsmuster, Auflösungsmuster, Antimuster, Muster, Berechnungsmodell, Objektdatenbankmodell, Datenbankmodell, Netzwerkdatenbankmodell, Datumenmodell, Modell, Information, Listen­form, Tabellenform, Form, Lastenverteilung, Lastverteilung, Verteilung, Abfragesprache, Xml-format, Rdf-format, Format, Protokoll, Datumensatz, Satz, Datenbankanwendung, Anwendung, Datentyp, Datumenstruktur, Struktur, Klasse, Anwendungsseite, Seite, Liste, Paket, Analysezweck, Zweck, Applikation, Entitätstyp, Typ, Ascii-code, Code",0.7935714695678734
Blatt,"Dokumentenserver, Single-server, Master-server, E-mail-server, Proxyserver, Anbieterserver, Publikationsserver, Dokumenten-server, Hochschulschriftenserver, Preprint-server, Opus-server, Server, Grafiksoftware, Systemsoftware, Gurocksoftware, Archivsoftware, Anwendungssoftware, Software, Hintergrundprogramm, Installationsprogramm, Anwendungsprogramm, Programm, Fehler, Anwendungsseite, Seite, Lösung, Artikelnummer, Kundennummer",0.78706944089407
Tier,"Fetching, Modeling, Beginning, Processing, Warning, Logging, Tracing, Harvesting, Schlüssel, Fehler, Artikelname, Feldname, Name, Transaktionsprotokoll, Ereignisprotokoll, Protokoll, Medium, Datumensatz, Satz, Datenbankanwendung, Anwendung, Teil, Adressliste, Liste, Spezialfall, Fall, Applikation, Artikelnummer, Kundennummer",0.7782544743146336
Mittel,"Manipulationssprache, Datenmanipulationssprache, Datenbanksprache, Datenverarbeitungssprache, Datenaufsichtssprache, Teilsprache, Sprache, Primärschlüssel, Fremdschlüssel, Schlüssel, Datenbank-)abfragesprache, Abfragesprache, Passwort, Programmieraufwand, Aufwand",0.7719098508358002
Wesen,"Berechnungsmodell, Objektdatenbankmodell, Datenbankmodell, Netzwerkdatenbankmodell, Datumenmodell, Modell, Artikelname, Feldname, Name, Transaktionsprotokoll, Ereignisprotokoll, Protokoll, Speichermedium, Telemedium, Medium, Datumensatz, Satz, Datentyp, Klasse, Paketquelle, Quelle, Netzwerk, Artikelnummer, Kundennummer, Entitätstyp, Typ, Logisch, Sächsisch",0.7672894569183445
Ereignis,"Fetching, Modeling, Beginning, Processing, Warning, Logging, Tracing, Harvesting, Schlüssel, Fehler, Artikelname, Feldname, Name, Medium, Datenbankanwendung, Anwendung, Teil, Adressliste, Liste, Spezialfall, Fall, Applikation, Artikelnummer, Kundennummer",0.766815781361919
Ruf,"Fetching, Modeling, Beginning, Processing, Warning, Logging, Tracing, Harvesting, Schlüssel, Fehler, Artikelname, Feldname, Name, Medium, Datenbankanwendung, Anwendung, Teil, Adressliste, Liste, Spezialfall, Fall, Applikation, Artikelnummer, Kundennummer",0.766815781361919
System,"Versionsverwaltungssystem, Data-warehouse-system, Computersystem, Windows-system, Objektdatenbanksystem, Datenbanksystem, Datenspeichersystem, Manipulationssprache, Datenmanipulationssprache, Datenbanksprache, Datenverarbeitungssprache, Datenaufsichtssprache, Teilsprache, Sprache, Abhängigkeitsinformation, Internet-information, Laufzeitinformation, Netzwerkinformation, Information, Datei, Primärschlüssel, Fremdschlüssel, Schlüssel, Datenbank-)abfragesprache, Abfragesprache, Fehler, Artikelname, Feldname, Name, Adressdaten, Nettodaten, Nutzdaten, Protokoll, Medium, Datumensatz, Satz, Teil, Adressliste, Liste, Spezialfall, Fall, Artikelnummer, Kundennummer, Ascii-code, Code",0.7569027880543603
Objekt,"Fetching, Modeling, Beginning, Processing, Warning, Logging, Tracing, Harvesting, Manipulationssprache, Datenmanipulationssprache, Datenbanksprache, Datenverarbeitungssprache, Datenaufsichtssprache, Teilsprache, Sprache, Abhängigkeitsinformation, Internet-information, Laufzeitinformation, Netzwerkinformation, Information, Programm, Primärschlüssel, Fremdschlüssel, Schlüssel, Transaktion, Abfragesprache, Xml-format, Rdf-format, Format, Fehler, Artikelname, Feldname, Name, Transaktionsprotokoll, Ereignisprotokoll, Protokoll, Medium, Datumensatz, Satz, Datenbankanwendung, Anwendung, Sprachteil, Teil, Feld, Quelle, Anwendungsseite, Seite, Masseneinsatz, Einsatz, Adressliste, Liste, Spezialfall, Fall, Analysezweck, Zweck, Applikation, Artikelnummer, Kundennummer",0.7566041222631066
Name,"Fetching, Modeling, Beginning, Processing, Warning, Logging, Tracing, Harvesting, Programm, Primärschlüssel, Fremdschlüssel, Schlüssel, Transaktion, Laufzeitfehler, Benutzerfehler, Fehler, Artikelname, Feldname, Speichermedium, Telemedium, Medium, Satz, Datenbankanwendung, Anwendung, Sprachteil, Teil, Seite, Einsatz, Adressliste, Liste, Spezialfall, Fall, Zweck, Streaming-media-applikation, Applikation, Artikelnummer, Kundennummer",0.7532191810846851
Liste,"Dokumentenserver, Single-server, Master-server, E-mail-server, Proxyserver, Anbieterserver, Publikationsserver, Dokumenten-server, Hochschulschriftenserver, Preprint-server, Opus-server, Server, Grafiksoftware, Systemsoftware, Gurocksoftware, Archivsoftware, Anwendungssoftware, Software, Hintergrundprogramm, Installationsprogramm, Anwendungsprogramm, Programm, Geschäftstransaktion, Batch-transaktion, Transaktion, Systementwicklung, Entwicklung, Anwendungsseite, Seite, Verantwortlich, Edlich, Adressliste, Softwareprojekt, Projekt",0.7523798162180685
Lebewesen,"Berechnungsmodell, Objektdatenbankmodell, Datenbankmodell, Netzwerkdatenbankmodell, Datumenmodell, Modell, Format, Speicher, Artikelname, Feldname, Name, Menge, Transaktionsprotokoll, Ereignisprotokoll, Protokoll, Speichermedium, Telemedium, Medium, Datumensatz, Satz, Anwendung, Datentyp, Objektklasse, Klasse, Feld, Paketquelle, Quelle, Liste, Fall, Peer-to-peer-netzwerk, Netzwerk, Aufwand, Artikelnummer, Kundennummer, Entitätstyp, Typ",0.7468593709066518
Folge,"Dokumentenserver, Single-server, Master-server, E-mail-server, Proxyserver, Anbieterserver, Publikationsserver, Dokumenten-server, Hochschulschriftenserver, Preprint-server, Opus-server, Server, Grafiksoftware, Systemsoftware, Gurocksoftware, Archivsoftware, Anwendungssoftware, Software, Hintergrundprogramm, Installationsprogramm, Anwendungsprogramm, Programm, Geschäftstransaktion, Batch-transaktion, Transaktion, Systementwicklung, Entwicklung, Anwendungsseite, Seite, Verantwortlich, Edlich, Softwareprojekt, Projekt, Lösung",0.7433231675369855
Stoff,"Programm, Transaktion, Name, Protokoll, Speichermedium, Telemedium, Medium, Datumensatz, Satz, Sprachteil, Teil, Feld, Quelle, Anwendungsseite, Seite, Masseneinsatz, Einsatz, Peer-to-peer-netzwerk, Netzwerk, Publikationsverbund, Verbund, Analysezweck, Zweck",0.7402623218384876
Person,"Fetching, Modeling, Beginning, Processing, Warning, Logging, Tracing, Harvesting, Sprache, Berechnungsmodell, Objektdatenbankmodell, Datenbankmodell, Netzwerkdatenbankmodell, Datumenmodell, Modell, Schlüssel, Form, Xml-format, Rdf-format, Format, Hauptspeicher, Datenspeicher, Speicher, Fehler, Artikelname, Feldname, Name, Datumenmenge, Dokumentmenge, Menge, Protokoll, Speichermedium, Telemedium, Medium, Datumensatz, Satz, Datenbankanwendung, Anwendung, Teil, Datentyp, Struktur, Objektklasse, Klasse, Datumenfeld, Feld, Paketquelle, Quelle, Entwicklung, Zustand, Verarbeitung, Bestand, Adressliste, Liste, Spezialfall, Fall, Peer-to-peer-netzwerk, Netzwerk, Verfahren, Gruppe, Zweck, Applikation, Programmieraufwand, Aufwand, Artikelnummer, Kundennummer, Entitätstyp, Typ",0.738765404644789
Element,"Server, Software, Hintergrundprogramm, Installationsprogramm, Anwendungsprogramm, Programm, Geschäftstransaktion, Batch-transaktion, Transaktion, Artikelname, Feldname, Name, Transaktionsprotokoll, Ereignisprotokoll, Protokoll, Speichermedium, Telemedium, Medium, Datumensatz, Satz, Sprachteil, Teil, Datumenfeld, Feld, Paketquelle, Quelle, Entwicklung, Verarbeitung, Anwendungsseite, Seite, Masseneinsatz, Einsatz, Projekt, Bibliothek, Analysezweck, Zweck",0.7355174176501161
Karten,"Server, Grafiksoftware, Systemsoftware, Gurocksoftware, Archivsoftware, Anwendungssoftware, Software, Hintergrundprogramm, Installationsprogramm, Anwendungsprogramm, Programm, Anwendungsseite, Seite, Streaming-media-applikation, Applikation",0.7280984265463692
Hinweis,"Transaktionsprotokoll, Ereignisprotokoll, Protokoll, Datumensatz, Satz, Blog-eintrag, Eintrag",0.7264413833618164
Kleidungsstück,"Server, Software, Hintergrundprogramm, Installationsprogramm, Anwendungsprogramm, Programm, Geschäftstransaktion, Batch-transaktion, Transaktion, Artikelname, Feldname, Name, Transaktionsprotokoll, Ereignisprotokoll, Protokoll, Datumensatz, Satz, Sprachteil, Teil, Datumenfeld, Feld, Paketquelle, Quelle, Entwicklung, Verarbeitung, Anwendungsseite, Seite, Masseneinsatz, Einsatz, Projekt, Bibliothek",0.725208224577011
Zustand,"Tabelle, Versionsverwaltungssystem, Data-warehouse-system, Computersystem, Windows-system, Objektdatenbanksystem, Datenbanksystem, Datenspeichersystem, System, Manipulationssprache, Datenmanipulationssprache, Datenbanksprache, Datenverarbeitungssprache, Datenaufsichtssprache, Teilsprache, Sprache, Relationale-datenbank-muster, Sicherheitsmuster, Denormalisierungsmuster, Verteilungsmuster, Auflösungsmuster, Antimuster, Muster, Modell, Information, Listen­form, Tabellenform, Form, Lastenverteilung, Lastverteilung, Verteilung, Abfragesprache, Xml-format, Rdf-format, Format, Protokoll, Datumensatz, Satz, Anwendung, Datumenstruktur, Struktur, Problem, Klasse, Systementwicklung, Entwicklung, Programmzustand, Stapelverarbeitung, Verarbeitung, Seite, Liste, Spezialfall, Fall, Passwort, Dta-verfahren, Verfahren, Softwareprojekt, Projekt, Paket, Ausfallsicherheit, Sicherheit, Analysezweck, Zweck, Architektur, Typ, Code",0.7236833146899884
Gegenstand,"Server, Fetching, Modeling, Beginning, Processing, Warning, Logging, Tracing, Harvesting, Sprache, Software, Information, Hintergrundprogramm, Installationsprogramm, Anwendungsprogramm, Programm, Primärschlüssel, Fremdschlüssel, Schlüssel, Geschäftstransaktion, Batch-transaktion, Transaktion, Xml-format, Rdf-format, Format, Fehler, Artikelname, Feldname, Name, Transaktionsprotokoll, Ereignisprotokoll, Protokoll, Medium, Datumensatz, Satz, Datenbankanwendung, Anwendung, Sprachteil, Teil, Datumenfeld, Feld, Paketquelle, Quelle, Entwicklung, Verarbeitung, Anwendungsseite, Seite, Masseneinsatz, Einsatz, Adressliste, Liste, Spezialfall, Fall, Projekt, Bibliothek, Analysezweck, Zweck, Applikation, Artikelnummer, Kundennummer",0.71984372043086
Bezeichnung,"Server, Fetching, Modeling, Beginning, Processing, Warning, Logging, Tracing, Harvesting, Software, Hintergrundprogramm, Installationsprogramm, Anwendungsprogramm, Programm, Primärschlüssel, Fremdschlüssel, Schlüssel, Geschäftstransaktion, Batch-transaktion, Transaktion, Laufzeitfehler, Benutzerfehler, Fehler, Artikelname, Feldname, Name, Protokoll, Speichermedium, Telemedium, Medium, Datumensatz, Satz, Datenbankanwendung, Anwendung, Sprachteil, Teil, Feld, Quelle, Entwicklung, Anwendungsseite, Seite, Masseneinsatz, Einsatz, Adressliste, Liste, Spezialfall, Fall, Projekt, Analysezweck, Zweck, Applikation, Artikelnummer, Kundennummer",0.7198098944314539
Konzept,"Dokumentenserver, Single-server, Master-server, E-mail-server, Proxyserver, Anbieterserver, Publikationsserver, Dokumenten-server, Hochschulschriftenserver, Preprint-server, Opus-server, Server, Versionsverwaltungssystem, Data-warehouse-system, Computersystem, Windows-system, Objektdatenbanksystem, Datenbanksystem, Datenspeichersystem, System, Manipulationssprache, Datenmanipulationssprache, Datenbanksprache, Datenverarbeitungssprache, Datenaufsichtssprache, Teilsprache, Sprache, Muster, Berechnungsmodell, Objektdatenbankmodell, Datenbankmodell, Netzwerkdatenbankmodell, Datumenmodell, Modell, Grafiksoftware, Systemsoftware, Gurocksoftware, Archivsoftware, Anwendungssoftware, Software, Information, Objektdatenbank, Eda-datenbank, Dini-datenbank, Open-source-datenbank, Nosql-datenbank, Hintergrundprogramm, Installationsprogramm, Anwendungsprogramm, Programm, Listen­form, Tabellenform, Form, Abfragesprache, Format, Hauptspeicher, Datenspeicher, Speicher, Fehler, Datumenmenge, Dokumentmenge, Menge, Speichermedium, Telemedium, Medium, Satz, Sprachteil, Teil, Datentyp, Datumenstruktur, Struktur, Objektklasse, Klasse, Feld, Entwicklung, Programmzustand, Zustand, Stapelverarbeitung, Verarbeitung, Datumenbestand, Bestand, Seite, Einsatz, Universität, Spezialfall, Fall, Federation, Registration, Dta-verfahren, Verfahren, Anwendergruppe, Gruppe, Lösung, Sicherheit, Analysezweck, Zweck, Architektur, Projektarchiv, Archiv, Artikelnummer, Kundennummer, Entitätstyp, Typ, Ascii-code, Code",0.7191089303466526
Größe,"Sprache, Form, Xml-format, Rdf-format, Format, Hauptspeicher, Datenspeicher, Speicher, Datumenmenge, Dokumentmenge, Menge, Transaktionsprotokoll, Ereignisprotokoll, Protokoll, Medium, Datumensatz, Satz, Teil, Struktur, Problem, Objektklasse, Klasse, Datumenfeld, Feld, Datensatzbegrenzung, Fremdschlüsselbegrenzung, Systementwicklung, Entwicklung, Zustand, Verarbeitung, Bestand, Fall, Verfahren, Gruppe, Zweck, Programmieraufwand, Aufwand, Artikelnummer, Kundennummer, Typ",0.7173090194307142
Gesamtheit,"Manipulationssprache, Datenmanipulationssprache, Datenbanksprache, Datenverarbeitungssprache, Datenaufsichtssprache, Teilsprache, Sprache, Datenbank-)abfragesprache, Abfragesprache, Transaktionsprotokoll, Ereignisprotokoll, Protokoll, Medium, Standardverhalten, Nutzerverhalten, Verhalten, Universitäts-website, Website, Datumensatz, Satz, Teil, Datumenfeld, Feld, Anwendungsseite, Seite, Netzwerk, Programmpaket, Paket, Publikationsverbund, Verbund, Attribut, Zweck",0.7152502699510279
Konstrukt,"Sprache, Berechnungsmodell, Objektdatenbankmodell, Datenbankmodell, Netzwerkdatenbankmodell, Datumenmodell, Modell, Form, Hauptspeicher, Datenspeicher, Speicher, Laufzeitfehler, Benutzerfehler, Fehler, Datumenmenge, Dokumentmenge, Menge, Medium, Teil, Struktur, Objektklasse, Klasse, Zustand, Verarbeitung, Bestand, Humboldt-universität, Universität, Fall, Verfahren, Gruppe, Zweck, Projektarchiv, Archiv, Artikelnummer, Kundennummer, Typ",0.7096192848041466
Ordnung,"Referenztabelle, Mastertabelle, Transaktionstabelle, Querverweistabelle, History-tabelle, Lookup-tabelle, Quelltabelle, Zieltabelle, Hashtabelle, Tabelle, Versionsverwaltungssystem, Data-warehouse-system, Computersystem, Windows-system, Objektdatenbanksystem, Datenbanksystem, Datenspeichersystem, System, Manipulationssprache, Datenmanipulationssprache, Datenbanksprache, Datenverarbeitungssprache, Datenaufsichtssprache, Teilsprache, Sprache, Relationale-datenbank-muster, Sicherheitsmuster, Denormalisierungsmuster, Verteilungsmuster, Auflösungsmuster, Antimuster, Muster, Berechnungsmodell, Objektdatenbankmodell, Datenbankmodell, Netzwerkdatenbankmodell, Datumenmodell, Modell, Datum, Abhängigkeitsinformation, Internet-information, Laufzeitinformation, Netzwerkinformation, Information, Schlüssel, Listen­form, Tabellenform, Form, Lastenverteilung, Lastverteilung, Verteilung, Datenbank-)abfragesprache, Abfragesprache, Xml-format, Rdf-format, Format, Protokoll, Datumensatz, Satz, Anwendung, Datumenstruktur, Struktur, Klasse, Systementwicklung, Entwicklung, Programmzustand, Zustand, Stapelverarbeitung, Verarbeitung, Anwendungsseite, Seite, Adressliste, Liste, Spezialfall, Fall, Dta-verfahren, Verfahren, Projekt, Programmpaket, Paket, Datenbanktabelle, Attribut, Ausfallsicherheit, Sicherheit, Analysezweck, Zweck, Ansi-sparc-architektur, Architektur, Installieren, Aktualisieren, Artikelnummer, Kundennummer, Typ, Ascii-code, Code",0.7060515828520258
Code,"Programm, Primärschlüssel, Fremdschlüssel, Schlüssel, Transaktion, Laufzeitfehler, Benutzerfehler, Fehler, Artikelname, Feldname, Name, Speichermedium, Telemedium, Medium, Satz, Anwendung, Sprachteil, Teil, Seite, Einsatz, Adressliste, Liste, Spezialfall, Fall, Zweck, Artikelnummer, Kundennummer, Ascii-code",0.7055916574848272
Organisation,"Versionsverwaltungssystem, Data-warehouse-system, Computersystem, Windows-system, Objektdatenbanksystem, Datenbanksystem, Datenspeichersystem, System, Manipulationssprache, Datenmanipulationssprache, Datenbanksprache, Datenverarbeitungssprache, Datenaufsichtssprache, Teilsprache, Sprache, Abhängigkeitsinformation, Internet-information, Laufzeitinformation, Netzwerkinformation, Information, Versionsverwaltung, Paketverwaltung, Sperrverwaltung, Verwaltung, Schlüssel, Datenbank-)abfragesprache, Abfragesprache, Name, Satz, Liste, Fall, Artikelnummer, Kundennummer, Bezüglich, Einheitlich, Ascii-code, Code",0.7055449594990011
Verzeichnis,"Server, Software, Hintergrundprogramm, Installationsprogramm, Anwendungsprogramm, Programm, Geschäftstransaktion, Batch-transaktion, Transaktion, Entwicklung, Seite, Adressliste, Liste, Projekt",0.7051115772881351
Abbildung,"System, Sprache, Berechnungsmodell, Objektdatenbankmodell, Datenbankmodell, Netzwerkdatenbankmodell, Datumenmodell, Modell, Listen­form, Tabellenform, Form, Xml-format, Rdf-format, Format, Datumenmenge, Dokumentmenge, Menge, Medium, Datenbankanwendung, Anwendung, Teil, Typbegriff, Begriff, Datentyp, Struktur, Objektklasse, Klasse, Zustand, Verarbeitung, Bestand, Anwendungsseite, Seite, Fall, Verfahren, Gruppe, Analysezweck, Zweck, Applikation, Entitätstyp, Typ",0.7036428589630894
Arbeit,"Sprache, Form, Datumenmenge, Dokumentmenge, Menge, Medium, Teil, Struktur, Leistungsproblem, Problem, Objektklasse, Klasse, Systementwicklung, Entwicklung, Zustand, Verarbeitung, Bestand, Fall, Verfahren, Gruppe, Zweck, Typ",0.7019712878240243
Syntagma,"Projektdatum, Fotodatum, Nutzungsdatum, Randdatum, Datum, Transaktionsprotokoll, Ereignisprotokoll, Protokoll, Datumensatz, Satz, Attribut",0.6917430574243719
Kommunikation,"Manipulationssprache, Datenmanipulationssprache, Datenbanksprache, Datenverarbeitungssprache, Datenaufsichtssprache, Teilsprache, Sprache, Abhängigkeitsinformation, Internet-information, Laufzeitinformation, Netzwerkinformation, Information, Logdatei, Protokolldatei, Ereignisprotokolldatei, Datei, Primärschlüssel, Fremdschlüssel, Schlüssel, Datenbank-)abfragesprache, Abfragesprache, Adressdaten, Nettodaten, Nutzdaten, Transaktionsprotokoll, Ereignisprotokoll, Protokoll, Datumensatz, Satz",0.6895636549136909
Einrichtung,"Versionsverwaltungssystem, Data-warehouse-system, Computersystem, Windows-system, Objektdatenbanksystem, Datenbanksystem, Datenspeichersystem, System, Manipulationssprache, Datenmanipulationssprache, Datenbanksprache, Datenverarbeitungssprache, Datenaufsichtssprache, Teilsprache, Sprache, Abhängigkeitsinformation, Internet-information, Laufzeitinformation, Netzwerkinformation, Information, Datei, Versionsverwaltung, Paketverwaltung, Sperrverwaltung, Verwaltung, Programm, Primärschlüssel, Fremdschlüssel, Schlüssel, Transaktion, Abfragesprache, Name, Adressdaten, Nettodaten, Nutzdaten, Protokoll, Speichermedium, Telemedium, Medium, Datumensatz, Satz, Sprachteil, Teil, Feld, Quelle, Anwendungsseite, Seite, Masseneinsatz, Einsatz, Humboldt-universität, Universität, Analysezweck, Zweck, Projektarchiv, Archiv, Ascii-code, Code",0.6870675896557464
Datenbank,"Objektdatenbank, Eda-datenbank, Dini-datenbank, Open-source-datenbank, Nosql-datenbank",0.6814097166061401
Bank,"Objektdatenbank, Eda-datenbank, Dini-datenbank, Open-source-datenbank, Nosql-datenbank",0.6814097166061401
Vielzahl,"Versionsverwaltungssystem, Data-warehouse-system, Computersystem, Windows-system, Objektdatenbanksystem, Datenbanksystem, Datenspeichersystem, System, Sprache, Relationale-datenbank-muster, Sicherheitsmuster, Denormalisierungsmuster, Verteilungsmuster, Auflösungsmuster, Antimuster, Muster, Modell, Information, Objektdatenbank, Eda-datenbank, Dini-datenbank, Open-source-datenbank, Nosql-datenbank, Datei, Listen­form, Tabellenform, Form, Verteilung, Format, Hauptspeicher, Datenspeicher, Speicher, Adressdaten, Nettodaten, Nutzdaten, Datumenmenge, Dokumentmenge, Menge, Protokoll, Datumensatz, Satz, Datentyp, Datumenstruktur, Struktur, Objektklasse, Klasse, Datumenfeld, Feld, Zustand, Verarbeitung, Datumenbestand, Bestand, Fall, Federation, Registration, Verfahren, Anwendergruppe, Gruppe, Zweck, Entitätstyp, Typ, Code",0.6800744399863486
Vorgang,"Versionsverwaltungssystem, Data-warehouse-system, Computersystem, Windows-system, Objektdatenbanksystem, Datenbanksystem, Datenspeichersystem, System, Sprache, Relationale-datenbank-muster, Sicherheitsmuster, Denormalisierungsmuster, Verteilungsmuster, Auflösungsmuster, Antimuster, Muster, Berechnungsmodell, Objektdatenbankmodell, Datenbankmodell, Netzwerkdatenbankmodell, Datumenmodell, Modell, Abhängigkeitsinformation, Internet-information, Laufzeitinformation, Netzwerkinformation, Information, Primärschlüssel, Fremdschlüssel, Schlüssel, Listen­form, Tabellenform, Form, Lastenverteilung, Lastverteilung, Verteilung, Xml-format, Rdf-format, Format, Laufzeitfehler, Benutzerfehler, Fehler, Menge, Transaktionsprotokoll, Ereignisprotokoll, Protokoll, Datumensatz, Satz, Anwendung, Typbegriff, Begriff, Datumenstruktur, Struktur, Objektklasse, Klasse, Systementwicklung, Entwicklung, Stapelverarbeitung, Verarbeitung, Seite, Spezialfall, Fall, Echtzeitauswertung, Auswertung, Dta-verfahren, Verfahren, Softwareprojekt, Projekt, Programmpaket, Paket, Zweck, Upgrade, Artikelnummer, Kundennummer, Typ, Code",0.6779821458683223
Material,"Fehler, Speichermedium, Telemedium, Medium, Satz, Sprachteil, Teil, Anwendungsseite, Seite, Einsatz, Peer-to-peer-netzwerk, Netzwerk, Programmpaket, Paket, Publikationsverbund, Verbund, Analysezweck, Zweck, Artikelnummer, Kundennummer",0.6763601721319159
Modell,"System, Manipulationssprache, Datenmanipulationssprache, Datenbanksprache, Datenverarbeitungssprache, Datenaufsichtssprache, Teilsprache, Sprache, Muster, Berechnungsmodell, Objektdatenbankmodell, Datenbankmodell, Netzwerkdatenbankmodell, Datumenmodell, Information, Objektdatenbank, Eda-datenbank, Dini-datenbank, Open-source-datenbank, Nosql-datenbank, Listen­form, Tabellenform, Form, Abfragesprache, Format, Speicher, Datumenmenge, Dokumentmenge, Menge, Speichermedium, Telemedium, Medium, Satz, Sprachteil, Teil, Datentyp, Datumenstruktur, Struktur, Objektklasse, Klasse, Feld, Entwicklung, Programmzustand, Zustand, Stapelverarbeitung, Verarbeitung, Datumenbestand, Bestand, Seite, Einsatz, Spezialfall, Fall, Federation, Registration, Dta-verfahren, Verfahren, Anwendergruppe, Gruppe, Sicherheit, Analysezweck, Zweck, Architektur, Entitätstyp, Typ",0.6667950102540746
Ergebnis,"Dokumentenserver, Single-server, Master-server, E-mail-server, Proxyserver, Anbieterserver, Publikationsserver, Dokumenten-server, Hochschulschriftenserver, Preprint-server, Opus-server, Server, Berechnungsmodell, Objektdatenbankmodell, Datenbankmodell, Netzwerkdatenbankmodell, Datumenmodell, Modell, Grafiksoftware, Systemsoftware, Gurocksoftware, Archivsoftware, Anwendungssoftware, Software, Hintergrundprogramm, Installationsprogramm, Anwendungsprogramm, Programm, Geschäftstransaktion, Batch-transaktion, Transaktion, Lastenverteilung, Lastverteilung, Verteilung, Hauptspeicher, Datenspeicher, Speicher, Fehler, Menge, Leistungsproblem, Problem, Objektklasse, Klasse, Systementwicklung, Entwicklung, Anwendungsseite, Seite, Universität, Verantwortlich, Edlich, Softwareprojekt, Projekt, Attribut, Logdateianalyse, Analyse, Projektarchiv, Archiv, Artikelnummer, Kundennummer",0.6646650684897708
Symbol,"Manipulationssprache, Datenmanipulationssprache, Datenbanksprache, Datenverarbeitungssprache, Datenaufsichtssprache, Teilsprache, Sprache, Abhängigkeitsinformation, Internet-information, Laufzeitinformation, Netzwerkinformation, Information, Datei, Primärschlüssel, Fremdschlüssel, Schlüssel, Datenbank-)abfragesprache, Abfragesprache, Laufzeitfehler, Benutzerfehler, Fehler, Adressdaten, Nettodaten, Nutzdaten, Protokoll, Datumensatz, Satz, Zweck, Artikelnummer, Kundennummer",0.6638677165171639
Gebäude,"Hauptspeicher, Datenspeicher, Speicher, Humboldt-universität, Universität, Projektarchiv, Archiv",0.662820713860648
Zeichen,"Manipulationssprache, Datenmanipulationssprache, Datenbanksprache, Datenverarbeitungssprache, Datenaufsichtssprache, Teilsprache, Sprache, Abhängigkeitsinformation, Internet-information, Laufzeitinformation, Netzwerkinformation, Information, Logdatei, Protokolldatei, Ereignisprotokolldatei, Datei, Primärschlüssel, Fremdschlüssel, Schlüssel, Datenbank-)abfragesprache, Abfragesprache, Fehler, Adressdaten, Nettodaten, Nutzdaten, Transaktionsprotokoll, Ereignisprotokoll, Protokoll, Datumensatz, Satz, Artikelnummer, Kundennummer",0.6613909048178503
Verbesserung,"Abhängigkeitsinformation, Internet-information, Laufzeitinformation, Netzwerkinformation, Information, Datei, Primärschlüssel, Fremdschlüssel, Schlüssel, Adressdaten, Nettodaten, Nutzdaten, Protokoll, Datumensatz, Satz, Upgrade",0.6591197210053603
Sprechweise,"Schlüssel, Fehler, Artikelname, Feldname, Name, Medium, Teil, Adressliste, Liste, Spezialfall, Fall, Artikelnummer, Kundennummer, Ascii-code, Code",0.6556375089306606
Menge,"Tabelle, Versionsverwaltungssystem, Data-warehouse-system, Computersystem, Windows-system, Objektdatenbanksystem, Datenbanksystem, Datenspeichersystem, System, Manipulationssprache, Datenmanipulationssprache, Datenbanksprache, Datenverarbeitungssprache, Datenaufsichtssprache, Teilsprache, Sprache, Relationale-datenbank-muster, Sicherheitsmuster, Denormalisierungsmuster, Verteilungsmuster, Auflösungsmuster, Antimuster, Muster, Berechnungsmodell, Objektdatenbankmodell, Datenbankmodell, Netzwerkdatenbankmodell, Datumenmodell, Modell, Abhängigkeitsinformation, Internet-information, Laufzeitinformation, Netzwerkinformation, Information, Objektdatenbank, Eda-datenbank, Dini-datenbank, Open-source-datenbank, Nosql-datenbank, Logdatei, Protokolldatei, Ereignisprotokolldatei, Datei, Schlüssel, Listen­form, Tabellenform, Form, Lastenverteilung, Lastverteilung, Verteilung, Abfragesprache, Xml-format, Rdf-format, Format, Hauptspeicher, Datenspeicher, Speicher, Adressdaten, Nettodaten, Nutzdaten, Datumenmenge, Dokumentmenge, Transaktionsprotokoll, Ereignisprotokoll, Protokoll, Medium, Datumensatz, Satz, Anwendung, Teil, Datentyp, Datumenstruktur, Struktur, Objektklasse, Klasse, Datumenfeld, Feld, Entwicklung, Programmzustand, Zustand, Stapelverarbeitung, Verarbeitung, Datumenbestand, Bestand, Seite, Liste, Spezialfall, Fall, Federation, Registration, Dta-verfahren, Verfahren, Paket, Anwendergruppe, Gruppe, Sicherheit, Analysezweck, Zweck, Architektur, Entitätstyp, Typ, Ascii-code, Code",0.651009247707818
Änderung,"Transaktionsprotokoll, Ereignisprotokoll, Protokoll, Datumensatz, Satz, Datenänderung",0.649626225233078
Einheit,"Versionsverwaltungssystem, Data-warehouse-system, Computersystem, Windows-system, Objektdatenbanksystem, Datenbanksystem, Datenspeichersystem, System, Manipulationssprache, Datenmanipulationssprache, Datenbanksprache, Datenverarbeitungssprache, Datenaufsichtssprache, Teilsprache, Sprache, Muster, Information, Objektdatenbank, Eda-datenbank, Dini-datenbank, Open-source-datenbank, Nosql-datenbank, Listen­form, Tabellenform, Form, Abfragesprache, Xml-format, Rdf-format, Format, Speicher, Datumenmenge, Dokumentmenge, Menge, Transaktionsprotokoll, Ereignisprotokoll, Protokoll, Speichermedium, Telemedium, Medium, Datumensatz, Satz, Typbegriff, Begriff, Datentyp, Datumenstruktur, Struktur, Feldinhalt, Inhalt, Objektklasse, Klasse, Datumenfeld, Feld, Entwicklung, Programmzustand, Zustand, Stapelverarbeitung, Verarbeitung, Datumenbestand, Bestand, Seite, Spezialfall, Fall, Federation, Registration, Dta-verfahren, Verfahren, Programmpaket, Paket, Anwendergruppe, Gruppe, Sicherheit, Analysezweck, Zweck, Architektur, Entitätstyp, Typ, Code",0.6464977965375617
Teil,"Dokumentenserver, Single-server, Master-server, E-mail-server, Proxyserver, Anbieterserver, Publikationsserver, Dokumenten-server, Hochschulschriftenserver, Preprint-server, Opus-server, Server, Grafiksoftware, Systemsoftware, Gurocksoftware, Archivsoftware, Anwendungssoftware, Software, Hintergrundprogramm, Installationsprogramm, Anwendungsprogramm, Programm, Geschäftstransaktion, Batch-transaktion, Transaktion, Fehler, Artikelname, Feldname, Name, Transaktionsprotokoll, Ereignisprotokoll, Protokoll, Datumensatz, Satz, Anwendung, Sprachteil, Datumenfeld, Feld, Paketquelle, Quelle, Systementwicklung, Entwicklung, Stapelverarbeitung, Verarbeitung, Anwendungsseite, Seite, Masseneinsatz, Einsatz, Verantwortlich, Edlich, Liste, Fall, Umgekehrter, Gunter, Softwareprojekt, Projekt, Datenprotokollierungs-bibliothek, Bibliothek, Artikelnummer, Kundennummer",0.6446417726497162
Auskunft,"Abhängigkeitsinformation, Internet-information, Laufzeitinformation, Netzwerkinformation, Information, Logdatei, Protokolldatei, Ereignisprotokolldatei, Datei, Primärschlüssel, Fremdschlüssel, Schlüssel, Adressdaten, Nettodaten, Nutzdaten, Transaktionsprotokoll, Ereignisprotokoll, Protokoll, Datumensatz, Satz",0.6414599906457098
Beseitigung,"Abhängigkeitsinformation, Internet-information, Laufzeitinformation, Netzwerkinformation, Information, Logdatei, Protokolldatei, Ereignisprotokolldatei, Datei, Primärschlüssel, Fremdschlüssel, Schlüssel, Adressdaten, Nettodaten, Nutzdaten, Transaktionsprotokoll, Ereignisprotokoll, Protokoll, Datumensatz, Satz",0.6414599906457098
Vermittlung,"Abhängigkeitsinformation, Internet-information, Laufzeitinformation, Netzwerkinformation, Information, Logdatei, Protokolldatei, Ereignisprotokolldatei, Datei, Primärschlüssel, Fremdschlüssel, Schlüssel, Adressdaten, Nettodaten, Nutzdaten, Transaktionsprotokoll, Ereignisprotokoll, Protokoll, Datumensatz, Satz",0.6414599906457098
Schrift,"Abhängigkeitsinformation, Internet-information, Laufzeitinformation, Netzwerkinformation, Information, Logdatei, Protokolldatei, Ereignisprotokolldatei, Datei, Primärschlüssel, Fremdschlüssel, Schlüssel, Adressdaten, Nettodaten, Nutzdaten, Transaktionsprotokoll, Ereignisprotokoll, Protokoll, Datumensatz, Satz",0.6414599906457098
Mitteilung,"Abhängigkeitsinformation, Internet-information, Laufzeitinformation, Netzwerkinformation, Information, Logdatei, Protokolldatei, Ereignisprotokolldatei, Datei, Primärschlüssel, Fremdschlüssel, Schlüssel, Adressdaten, Nettodaten, Nutzdaten, Transaktionsprotokoll, Ereignisprotokoll, Protokoll, Datumensatz, Satz",0.6414599906457098
Eigenschaft,"Versionsverwaltungssystem, Data-warehouse-system, Computersystem, Windows-system, Objektdatenbanksystem, Datenbanksystem, Datenspeichersystem, System, Manipulationssprache, Datenmanipulationssprache, Datenbanksprache, Datenverarbeitungssprache, Datenaufsichtssprache, Teilsprache, Sprache, Relationale-datenbank-muster, Sicherheitsmuster, Denormalisierungsmuster, Verteilungsmuster, Auflösungsmuster, Antimuster, Muster, Modell, Datum, Abhängigkeitsinformation, Internet-information, Laufzeitinformation, Netzwerkinformation, Information, Schlüssel, Listen­form, Tabellenform, Form, Verteilung, Datenbank-)abfragesprache, Abfragesprache, Xml-format, Rdf-format, Format, Protokoll, Datumensatz, Satz, Anwendung, Datumenstruktur, Struktur, Systementwicklung, Entwicklung, Programmzustand, Zustand, Stapelverarbeitung, Verarbeitung, Anwendungsseite, Seite, Spezialfall, Fall, Datenanforderung, Anforderung, Dta-verfahren, Verfahren, Projekt, Attribut, Ausfallsicherheit, Sicherheit, Analysezweck, Zweck, Ansi-sparc-architektur, Architektur, Installieren, Aktualisieren, Artikelnummer, Kundennummer, Typ, Code",0.6397508547519886
Daten,"Abhängigkeitsinformation, Internet-information, Laufzeitinformation, Netzwerkinformation, Information, Logdatei, Protokolldatei, Ereignisprotokolldatei, Datei, Primärschlüssel, Fremdschlüssel, Schlüssel, Adressdaten, Nettodaten, Nutzdaten, Transaktionsprotokoll, Ereignisprotokoll, Protokoll, Datumensatz, Satz, Adressliste, Liste",0.6320005233411665
Information,"Abhängigkeitsinformation, Internet-information, Laufzeitinformation, Netzwerkinformation, Logdatei, Protokolldatei, Ereignisprotokolldatei, Datei, Primärschlüssel, Fremdschlüssel, Schlüssel, Adressdaten, Nettodaten, Nutzdaten, Transaktionsprotokoll, Ereignisprotokoll, Protokoll, Datumensatz, Satz, Liste",0.6285976312662426
Taxon,"Versionsverwaltungssystem, Data-warehouse-system, Computersystem, Windows-system, Objektdatenbanksystem, Datenbanksystem, Datenspeichersystem, System, Manipulationssprache, Datenmanipulationssprache, Datenbanksprache, Datenverarbeitungssprache, Datenaufsichtssprache, Teilsprache, Sprache, Relationale-datenbank-muster, Sicherheitsmuster, Denormalisierungsmuster, Verteilungsmuster, Auflösungsmuster, Antimuster, Muster, Modell, Datum, Abhängigkeitsinformation, Internet-information, Laufzeitinformation, Netzwerkinformation, Information, Schlüssel, Listen­form, Tabellenform, Form, Verteilung, Datenbank-)abfragesprache, Abfragesprache, Xml-format, Rdf-format, Format, Protokoll, Datumensatz, Satz, Datenbankanwendung, Anwendung, Datentyp, Datumenstruktur, Struktur, Systementwicklung, Entwicklung, Programmzustand, Zustand, Stapelverarbeitung, Verarbeitung, Anwendungsseite, Seite, Spezialfall, Fall, Dta-verfahren, Verfahren, Projekt, Attribut, Ausfallsicherheit, Sicherheit, Analysezweck, Zweck, Applikation, Ansi-sparc-architektur, Architektur, Installieren, Aktualisieren, Artikelnummer, Kundennummer, Entitätstyp, Typ, Code",0.6273907070192865
Anzahl,"Versionsverwaltungssystem, Data-warehouse-system, Computersystem, Windows-system, Objektdatenbanksystem, Datenbanksystem, Datenspeichersystem, System, Manipulationssprache, Datenmanipulationssprache, Datenbanksprache, Datenverarbeitungssprache, Datenaufsichtssprache, Teilsprache, Sprache, Relationale-datenbank-muster, Sicherheitsmuster, Denormalisierungsmuster, Verteilungsmuster, Auflösungsmuster, Antimuster, Muster, Modell, Information, Objektdatenbank, Eda-datenbank, Dini-datenbank, Open-source-datenbank, Nosql-datenbank, Datei, Schlüssel, Listen­form, Tabellenform, Form, Lastenverteilung, Lastverteilung, Verteilung, Abfragesprache, Xml-format, Rdf-format, Format, Hauptspeicher, Datenspeicher, Speicher, Fehler, Adressdaten, Nettodaten, Nutzdaten, Datumenmenge, Dokumentmenge, Menge, Transaktionsprotokoll, Ereignisprotokoll, Protokoll, Medium, Datumensatz, Satz, Anwendung, Teil, Datentyp, Datumenstruktur, Struktur, Objektklasse, Klasse, Datumenfeld, Feld, Entwicklung, Programmzustand, Zustand, Stapelverarbeitung, Verarbeitung, Datumenbestand, Bestand, Seite, Spezialfall, Fall, Federation, Registration, Dta-verfahren, Verfahren, Softwareprojekt, Projekt, Paket, Datenprotokollierungs-bibliothek, Bibliothek, Anwendergruppe, Gruppe, Sicherheit, Analysezweck, Zweck, Upgrade, Architektur, Projektarchiv, Archiv, Entitätstyp, Typ, Code",0.6262884430986462
Rang,"System, Manipulationssprache, Datenmanipulationssprache, Datenbanksprache, Datenverarbeitungssprache, Datenaufsichtssprache, Teilsprache, Sprache, Muster, Information, Objektdatenbank, Eda-datenbank, Dini-datenbank, Open-source-datenbank, Nosql-datenbank, Listen­form, Tabellenform, Form, Abfragesprache, Xml-format, Rdf-format, Format, Speicher, Datumenmenge, Dokumentmenge, Menge, Speichermedium, Telemedium, Medium, Satz, Sprachteil, Teil, Datentyp, Datumenstruktur, Struktur, Objektklasse, Klasse, Feld, Entwicklung, Programmzustand, Zustand, Stapelverarbeitung, Verarbeitung, Datumenbestand, Bestand, Seite, Einsatz, Spezialfall, Fall, Federation, Registration, Dta-verfahren, Verfahren, Anwendergruppe, Gruppe, Sicherheit, Analysezweck, Zweck, Architektur, Entitätstyp, Typ",0.6236587632433874
Raum,"System, Manipulationssprache, Datenmanipulationssprache, Datenbanksprache, Datenverarbeitungssprache, Datenaufsichtssprache, Teilsprache, Sprache, Muster, Information, Objektdatenbank, Eda-datenbank, Dini-datenbank, Open-source-datenbank, Nosql-datenbank, Listen­form, Tabellenform, Form, Abfragesprache, Format, Hauptspeicher, Datenspeicher, Speicher, Datumenmenge, Dokumentmenge, Menge, Speichermedium, Telemedium, Medium, Satz, Sprachteil, Teil, Datentyp, Datumenstruktur, Struktur, Objektklasse, Klasse, Feld, Entwicklung, Programmzustand, Zustand, Stapelverarbeitung, Verarbeitung, Datumenbestand, Bestand, Seite, Einsatz, Spezialfall, Fall, Federation, Registration, Dta-verfahren, Verfahren, Anwendergruppe, Gruppe, Sicherheit, Analysezweck, Zweck, Architektur, Entitätstyp, Typ",0.6236550224330818
Zusammenfassung,"Tabelle, Versionsverwaltungssystem, Data-warehouse-system, Computersystem, Windows-system, Objektdatenbanksystem, Datenbanksystem, Datenspeichersystem, System, Manipulationssprache, Datenmanipulationssprache, Datenbanksprache, Datenverarbeitungssprache, Datenaufsichtssprache, Teilsprache, Sprache, Relationale-datenbank-muster, Sicherheitsmuster, Denormalisierungsmuster, Verteilungsmuster, Auflösungsmuster, Antimuster, Muster, Modell, Abhängigkeitsinformation, Internet-information, Laufzeitinformation, Netzwerkinformation, Information, Objektdatenbank, Eda-datenbank, Dini-datenbank, Open-source-datenbank, Nosql-datenbank, Datei, Schlüssel, Listen­form, Tabellenform, Form, Lastenverteilung, Lastverteilung, Verteilung, Datenbank-)abfragesprache, Abfragesprache, Format, Hauptspeicher, Datenspeicher, Speicher, Name, Adressdaten, Nettodaten, Nutzdaten, Datumenmenge, Dokumentmenge, Menge, Protokoll, Datumensatz, Satz, Datentyp, Datumenstruktur, Struktur, Objektklasse, Klasse, Datumenfeld, Feld, Entwicklung, Programmzustand, Zustand, Stapelverarbeitung, Verarbeitung, Datumenbestand, Bestand, Seite, Liste, Spezialfall, Fall, Federation, Registration, Dta-verfahren, Verfahren, Paket, Anwendergruppe, Gruppe, Sicherheit, Analysezweck, Zweck, Architektur, Artikelnummer, Kundennummer, Entitätstyp, Typ, Ascii-code, Code",0.6173085408138128
Schicht,"System, Manipulationssprache, Datenmanipulationssprache, Datenbanksprache, Datenverarbeitungssprache, Datenaufsichtssprache, Teilsprache, Sprache, Muster, Information, Objektdatenbank, Eda-datenbank, Dini-datenbank, Open-source-datenbank, Nosql-datenbank, Listen­form, Tabellenform, Form, Abfragesprache, Format, Speicher, Datumenmenge, Dokumentmenge, Menge, Speichermedium, Telemedium, Medium, Satz, Sprachteil, Teil, Datentyp, Datumenstruktur, Struktur, Objektklasse, Klasse, Feld, Entwicklung, Programmzustand, Zustand, Stapelverarbeitung, Verarbeitung, Datumenbestand, Bestand, Seite, Einsatz, Spezialfall, Fall, Federation, Registration, Dta-verfahren, Verfahren, Anwendergruppe, Gruppe, Sicherheit, Analysezweck, Zweck, Architektur, Entitätstyp, Typ",0.6118879807387548
Güte,"System, Manipulationssprache, Datenmanipulationssprache, Datenbanksprache, Datenverarbeitungssprache, Datenaufsichtssprache, Teilsprache, Sprache, Muster, Information, Objektdatenbank, Eda-datenbank, Dini-datenbank, Open-source-datenbank, Nosql-datenbank, Listen­form, Tabellenform, Form, Abfragesprache, Format, Speicher, Datumenmenge, Dokumentmenge, Menge, Speichermedium, Telemedium, Medium, Satz, Sprachteil, Teil, Datentyp, Datumenstruktur, Struktur, Objektklasse, Klasse, Feld, Entwicklung, Programmzustand, Zustand, Stapelverarbeitung, Verarbeitung, Datumenbestand, Bestand, Seite, Einsatz, Spezialfall, Fall, Federation, Registration, Dta-verfahren, Verfahren, Anwendergruppe, Gruppe, Sicherheit, Analysezweck, Zweck, Architektur, Entitätstyp, Typ",0.6118879807387548
Tätigkeit,"Menge, Leistungsproblem, Problem, Objektklasse, Klasse, Systementwicklung, Entwicklung, Softwareprojekt, Projekt",0.6029943451285362
Beschwerden,"System, Sprache, Muster, Listen­form, Tabellenform, Form, Verteilung, Format, Satz, Datumenstruktur, Struktur, Entwicklung, Programmzustand, Zustand, Verarbeitung, Spezialfall, Fall, Passwort, Verfahren, Softwareprojekt, Projekt, Ausfallsicherheit, Sicherheit, Analysezweck, Zweck",0.6027084997585179
Messwerte,"Abhängigkeitsinformation, Internet-information, Laufzeitinformation, Netzwerkinformation, Information, Logdatei, Protokolldatei, Ereignisprotokolldatei, Datei, Primärschlüssel, Fremdschlüssel, Schlüssel, Adressdaten, Nettodaten, Nutzdaten, Protokoll, Datumensatz, Satz, Liste",0.6016923945549636
Art,"Tabelle, Versionsverwaltungssystem, Data-warehouse-system, Computersystem, Windows-system, Objektdatenbanksystem, Datenbanksystem, Datenspeichersystem, System, Manipulationssprache, Datenmanipulationssprache, Datenbanksprache, Datenverarbeitungssprache, Datenaufsichtssprache, Teilsprache, Sprache, Relationale-datenbank-muster, Sicherheitsmuster, Denormalisierungsmuster, Verteilungsmuster, Auflösungsmuster, Antimuster, Muster, Berechnungsmodell, Objektdatenbankmodell, Datenbankmodell, Netzwerkdatenbankmodell, Datumenmodell, Modell, Projektdatum, Fotodatum, Nutzungsdatum, Randdatum, Datum, Abhängigkeitsinformation, Internet-information, Laufzeitinformation, Netzwerkinformation, Information, Datei, Primärschlüssel, Fremdschlüssel, Schlüssel, Listen­form, Tabellenform, Form, Lastenverteilung, Lastverteilung, Verteilung, Datenbank-)abfragesprache, Abfragesprache, Xml-format, Rdf-format, Format, Adressdaten, Nettodaten, Nutzdaten, Transaktionsprotokoll, Ereignisprotokoll, Protokoll, Datumensatz, Satz, Datenbankanwendung, Anwendung, Datentyp, Datumenstruktur, Struktur, Klasse, Systementwicklung, Entwicklung, Programmzustand, Zustand, Stapelverarbeitung, Verarbeitung, Anwendungsseite, Seite, Liste, Spezialfall, Fall, Passwort, Dta-verfahren, Verfahren, Softwareprojekt, Projekt, Paket, Attribut, Ausfallsicherheit, Sicherheit, Analysezweck, Zweck, Applikation, Ansi-sparc-architektur, Architektur, Installieren, Aktualisieren, Artikelnummer, Kundennummer, Entitätstyp, Typ, Ascii-code, Code",0.594927749086971
Gruppe,"Versionsverwaltungssystem, Data-warehouse-system, Computersystem, Windows-system, Objektdatenbanksystem, Datenbanksystem, Datenspeichersystem, System, Manipulationssprache, Datenmanipulationssprache, Datenbanksprache, Datenverarbeitungssprache, Datenaufsichtssprache, Teilsprache, Sprache, Relationale-datenbank-muster, Sicherheitsmuster, Denormalisierungsmuster, Verteilungsmuster, Auflösungsmuster, Antimuster, Muster, Modell, Datum, Abhängigkeitsinformation, Internet-information, Laufzeitinformation, Netzwerkinformation, Information, Objektdatenbank, Eda-datenbank, Dini-datenbank, Open-source-datenbank, Nosql-datenbank, Datei, Schlüssel, Listen­form, Tabellenform, Form, Verteilung, Datenbank-)abfragesprache, Abfragesprache, Xml-format, Rdf-format, Format, Hauptspeicher, Datenspeicher, Speicher, Adressdaten, Nettodaten, Nutzdaten, Datumenmenge, Dokumentmenge, Menge, Transaktionsprotokoll, Ereignisprotokoll, Protokoll, Speichermedium, Telemedium, Medium, Datumensatz, Satz, Datenbankanwendung, Anwendung, Sprachteil, Teil, Datentyp, Datumenstruktur, Struktur, Objektklasse, Klasse, Datumenfeld, Feld, Systementwicklung, Entwicklung, Programmzustand, Zustand, Stapelverarbeitung, Verarbeitung, Datumenbestand, Bestand, Anwendungsseite, Seite, Einsatz, Spezialfall, Fall, Federation, Registration, Dta-verfahren, Verfahren, Projekt, Anwendergruppe, Attribut, Ausfallsicherheit, Sicherheit, Analysezweck, Zweck, Applikation, Ansi-sparc-architektur, Architektur, Installieren, Aktualisieren, Artikelnummer, Kundennummer, Entitätstyp, Typ, Code",0.5908323731123374
Kategorie,"Versionsverwaltungssystem, Data-warehouse-system, Computersystem, Windows-system, Objektdatenbanksystem, Datenbanksystem, Datenspeichersystem, System, Manipulationssprache, Datenmanipulationssprache, Datenbanksprache, Datenverarbeitungssprache, Datenaufsichtssprache, Teilsprache, Sprache, Relationale-datenbank-muster, Sicherheitsmuster, Denormalisierungsmuster, Verteilungsmuster, Auflösungsmuster, Antimuster, Muster, Modell, Datum, Abhängigkeitsinformation, Internet-information, Laufzeitinformation, Netzwerkinformation, Information, Objektdatenbank, Eda-datenbank, Dini-datenbank, Open-source-datenbank, Nosql-datenbank, Datei, Schlüssel, Listen­form, Tabellenform, Form, Verteilung, Datenbank-)abfragesprache, Abfragesprache, Xml-format, Rdf-format, Format, Hauptspeicher, Datenspeicher, Speicher, Adressdaten, Nettodaten, Nutzdaten, Datumenmenge, Dokumentmenge, Menge, Transaktionsprotokoll, Ereignisprotokoll, Protokoll, Medium, Datumensatz, Satz, Anwendung, Teil, Datentyp, Datumenstruktur, Struktur, Feldinhalt, Inhalt, Objektklasse, Klasse, Datumenfeld, Feld, Systementwicklung, Entwicklung, Programmzustand, Zustand, Stapelverarbeitung, Verarbeitung, Datumenbestand, Bestand, Anwendungsseite, Seite, Spezialfall, Fall, Federation, Registration, Dta-verfahren, Verfahren, Projekt, Anwendergruppe, Gruppe, Attribut, Ausfallsicherheit, Sicherheit, Analysezweck, Zweck, Ansi-sparc-architektur, Architektur, Installieren, Aktualisieren, Artikelnummer, Kundennummer, Entitätstyp, Typ, Code",0.5887703814511719
Klasse,"Versionsverwaltungssystem, Data-warehouse-system, Computersystem, Windows-system, Objektdatenbanksystem, Datenbanksystem, Datenspeichersystem, System, Manipulationssprache, Datenmanipulationssprache, Datenbanksprache, Datenverarbeitungssprache, Datenaufsichtssprache, Teilsprache, Sprache, Relationale-datenbank-muster, Sicherheitsmuster, Denormalisierungsmuster, Verteilungsmuster, Auflösungsmuster, Antimuster, Muster, Modell, Datum, Abhängigkeitsinformation, Internet-information, Laufzeitinformation, Netzwerkinformation, Information, Objektdatenbank, Eda-datenbank, Dini-datenbank, Open-source-datenbank, Nosql-datenbank, Datei, Programm, Schlüssel, Transaktion, Listen­form, Tabellenform, Form, Verteilung, Datenbank-)abfragesprache, Abfragesprache, Xml-format, Rdf-format, Format, Hauptspeicher, Datenspeicher, Speicher, Name, Adressdaten, Nettodaten, Nutzdaten, Datumenmenge, Dokumentmenge, Menge, Protokoll, Speichermedium, Telemedium, Medium, Datumensatz, Satz, Anwendung, Sprachteil, Teil, Datentyp, Datumenstruktur, Struktur, Objektklasse, Datumenfeld, Feld, Quelle, Systementwicklung, Entwicklung, Programmzustand, Zustand, Stapelverarbeitung, Verarbeitung, Datumenbestand, Bestand, Anwendungsseite, Seite, Masseneinsatz, Einsatz, Spezialfall, Fall, Federation, Registration, Dta-verfahren, Verfahren, Projekt, Anwendergruppe, Gruppe, Attribut, Ausfallsicherheit, Sicherheit, Analysezweck, Zweck, Ansi-sparc-architektur, Architektur, Installieren, Aktualisieren, Artikelnummer, Kundennummer, Entitätstyp, Typ, Code",0.5885100624542581
Beginn,"Geschäftstransaktion, Batch-transaktion, Transaktion, Transaktionsprotokoll, Ereignisprotokoll, Protokoll, Entwicklung, Stapelverarbeitung, Verarbeitung, Masseneinsatz, Einsatz",0.5832180136984045
Bestand,"Abhängigkeitsinformation, Internet-information, Laufzeitinformation, Netzwerkinformation, Information, Logdatei, Protokolldatei, Ereignisprotokolldatei, Datei, Primärschlüssel, Fremdschlüssel, Schlüssel, Adressdaten, Nettodaten, Nutzdaten, Protokoll, Datumensatz, Satz, Datumenbestand, Liste",0.5797122100466177
Schriftstück,"Xml-format, Rdf-format, Format, Netzpublikation, Publikation",0.576557508111
Energie,"Menge, Leistungsproblem, Problem, Objektklasse, Klasse, Systementwicklung, Entwicklung, Programmieraufwand, Aufwand",0.5759210429257817
Datei,"Logdatei, Protokolldatei, Ereignisprotokolldatei, Programm, Transaktion, Adressliste, Liste",0.5708287315709251
Sammlung,"System, Muster, Berechnungsmodell, Objektdatenbankmodell, Datenbankmodell, Netzwerkdatenbankmodell, Datumenmodell, Modell, Information, Objektdatenbank, Eda-datenbank, Dini-datenbank, Open-source-datenbank, Nosql-datenbank, Primärschlüssel, Fremdschlüssel, Schlüssel, Listen­form, Tabellenform, Form, Lastenverteilung, Lastverteilung, Verteilung, Format, Laufzeitfehler, Benutzerfehler, Fehler, Transaktionsprotokoll, Ereignisprotokoll, Protokoll, Datumensatz, Satz, Begriff, Datumenstruktur, Struktur, Klasse, Systementwicklung, Entwicklung, Stapelverarbeitung, Verarbeitung, Spezialfall, Fall, Auswertung, Dta-verfahren, Verfahren, Softwareprojekt, Projekt, Programmpaket, Paket, Datenprotokollierungs-bibliothek, Bibliothek, Upgrade, Projektarchiv, Archiv, Artikelnummer, Kundennummer",0.5585048578276569
Zen,"System, Muster, Zurücksetzen, Setzen, Zusammensetzen, Datumenstruktur, Struktur",0.5247084909961337
Existenz,"Abhängigkeitsinformation, Internet-information, Laufzeitinformation, Netzwerkinformation, Information, Logdatei, Protokolldatei, Ereignisprotokolldatei, Datei, Schlüssel, Adressdaten, Nettodaten, Nutzdaten, Satz, Datumenbestand, Bestand",0.5193915285170079
Anforderungen,"Listen­form, Tabellenform, Form, Xml-format, Rdf-format, Format, Datenbankanwendung, Anwendung, Datentyp, Anwendungsseite, Seite, Analysezweck, Zweck, Applikation, Entitätstyp, Typ",0.5008082223480074
Bedeutungen,"Listen­form, Tabellenform, Form, Xml-format, Rdf-format, Format, Datenbankanwendung, Anwendung, Datentyp, Anwendungsseite, Seite, Analysezweck, Zweck, Applikation, Entitätstyp, Typ",0.5008082223480074
Gestalt,"Listen­form, Tabellenform, Form, Xml-format, Rdf-format, Format, Datenbankanwendung, Anwendung, Datentyp, Anwendungsseite, Seite, Analysezweck, Zweck, Applikation, Entitätstyp, Typ",0.5008082223480074
Endzustand,"Listen­form, Tabellenform, Form, Xml-format, Rdf-format, Format, Datenbankanwendung, Anwendung, Datentyp, Anwendungsseite, Seite, Analysezweck, Zweck, Applikation, Entitätstyp, Typ",0.5008082223480074
Außenbereich,"Fehler, Anwendungsseite, Seite, Artikelnummer, Kundennummer",0.49501911997795106
Glied,"Fehler, Anwendungsseite, Seite, Artikelnummer, Kundennummer",0.49501911997795106
Gegenstandes,"Fehler, Anwendungsseite, Seite, Artikelnummer, Kundennummer",0.49501911997795106
Linie,"Fehler, Anwendungsseite, Seite, Artikelnummer, Kundennummer",0.49501911997795106
Raumes,"Fehler, Anwendungsseite, Seite, Artikelnummer, Kundennummer",0.49501911997795106
Auftritt,"Fehler, Anwendungsseite, Seite, Artikelnummer, Kundennummer",0.49501911997795106
Erscheinungsform,"Fehler, Anwendungsseite, Seite, Artikelnummer, Kundennummer",0.49501911997795106
S,"Fehler, Anwendungsseite, Seite, Artikelnummer, Kundennummer",0.49501911997795106
Blickwinkel,"Fehler, Anwendungsseite, Seite, Artikelnummer, Kundennummer",0.49501911997795106
Richtung,"Fehler, Zurücksetzen, Setzen, Zusammensetzen, Struktur, Anwendungsseite, Seite, Artikelnummer, Kundennummer",0.4870486756165822
Form,"Listen­form, Tabellenform, Xml-format, Rdf-format, Format, Datenbankanwendung, Anwendung, Datentyp, Anwendungsseite, Seite, Analysezweck, Zweck, Streaming-media-applikation, Applikation, Entitätstyp, Typ",0.4808208748225359
Beschreibung,"Systembeschreibung, Datenbeschreibung, Xml-format, Rdf-format, Format, Attribut",0.47539756894111634
Veränderung,"Protokoll, Datumensatz, Satz, Datenänderung, Änderung, Systementwicklung, Entwicklung, Spezialfall, Fall",0.466916067732705
Wechsel,"Protokoll, Datumensatz, Satz, Datenänderung, Änderung, Systementwicklung, Entwicklung, Spezialfall, Fall",0.466916067732705
Seite,"Laufzeitfehler, Benutzerfehler, Fehler, Anwendungsseite, Zweck, Artikelnummer, Kundennummer",0.43272390908946146
Stelle,"Laufzeitfehler, Benutzerfehler, Fehler, Analysezweck, Zweck",0.41225689351558686
Aufzählung,"Systembeschreibung, Datenbeschreibung, Beschreibung, Xml-format, Rdf-format, Format, Attribut",0.3999946089017959
Ausdruck,"Laufzeitfehler, Benutzerfehler, Fehler, Analysezweck, Zweck, Artikelnummer, Kundennummer",0.39321337800458334
Prozess,"Systementwicklung, Entwicklung, Verantwortlich, Edlich, Softwareprojekt, Projekt",0.3360975444316864
Engagement,"Geschäftstransaktion, Batch-transaktion, Transaktion, Entwicklung, Stapelverarbeitung, Verarbeitung, Masseneinsatz, Einsatz",0.3181493878364563
(,"Geschäftstransaktion, Batch-transaktion, Transaktion, Entwicklung, Stapelverarbeitung, Verarbeitung, Masseneinsatz, Einsatz",0.3181493878364563
Neigung,"Laufzeitfehler, Benutzerfehler, Fehler, Spezialfall, Fall",0.31589645743370054
Systeme,"Objektdatenbanksysteme, Datenbanksysteme, Nosql-systeme, Datumenfeld, Feld",0.29741854071617124
Entscheidung,"Laufzeitfehler, Benutzerfehler, Fehler, Echtzeitauswertung, Auswertung",0.2888122498989105
Verwenden,"Datenbankanwendung, Anwendung, Verantwortlich, Edlich, Streaming-media-applikation, Applikation",0.27688109278678896
Dateien,"Quellcodedateien, Csv-dateien, Protokolldateien, Logdateien, Log-dateien",0.26575835049152374
Operation,"Geschäftstransaktion, Batch-transaktion, Transaktion, Systementwicklung, Entwicklung, Stapelverarbeitung, Verarbeitung",0.2635804599239713
Tun,"Standardverhalten, Nutzerverhalten, Verhalten, Dta-verfahren, Verfahren",0.2576790899038315
Einsatz,"Geschäftstransaktion, Batch-transaktion, Transaktion, Systementwicklung, Entwicklung, Stapelverarbeitung, Verarbeitung, Masseneinsatz",0.2387328658785139
Administration,"Versionsverwaltung, Paketverwaltung, Sperrverwaltung, Verwaltung, Bezüglich, Einheitlich",0.2227966904640198
Angabe,"Projektdatum, Fotodatum, Nutzungsdatum, Randdatum, Datum",0.1875345975160599
Informationseinheit,"Projektdatum, Fotodatum, Nutzungsdatum, Randdatum, Datum",0.1875345975160599
Verwaltung,"Versionsverwaltung, Paketverwaltung, Sperrverwaltung, Bezüglich, Einheitlich",0.04934516847133637
Datenbanken,"Graphdatenbanken, Logging-datenbanken, Operations-datenbanken, Objektdatenbanken, Nosql-datenbanken",0.02644232519160141