labels,words
Art,"Zwischencode, Maschinencode, Zielcode, Html-code, Bytecode, Code, Sql-anweisung, Originalanweisung, Quellcodeanweisung, Ausgabeanweisung, Ablaufanweisung, Schleifenkontrollanweisung, Anweisung, Befehl, Quelltext, Anwendungssystem, Rechnersystem, Zielsystem, System, Hilfetext, Programmtext, N{\text, Text, Rechnerumgebung, Hardwareumgebung, Programmierumgebung, Umgebung, Programm-quellcode, Quellcode, Cross-plattform, Zielplattform, Plattform, Entwicklungsmethode, Iterationsmethode, Methode, Compilezeit-phase, Projektphase, Phase, Workflow-management, Veränderungsmanagement, Management, Server-bereich, Desktop-bereich, Bereich, Foreach-schleife, Schleife, Teamarbeit, Programmierarbeit, Arbeit, Newton-verfahren, Iterationsverfahren, Verfahren, Computer, Fehler, Oberflächenform, Form, Rechenschritt, Schritt, Plattformunabhängigkeit, Unabhängigkeit, Unix-anwendung, Anwendung, Programmausführung, Ausführung, Portabilität, Neuentwicklung, Entwicklung, Paket, Datei, Auszeichnungssprache, Sprache, Version, Programmstelle, Stelle, Implementierung, Ziel, Quelltextformatierung, Formatierung, Programmierdokumentation, Dokumentation, Programmstruktur, Datumenstruktur, Aufgabenstellung, Stellung, Kompilieren, Konfigurieren, Untervariante, Variante, Quelltextdaten, Eingabedaten, Vorschrift, Speicheradresse, Adresse, Schutzfähigkeit, Lauffähigkeit, Prozessortyp, Cpu-typ, Assemblersprache, Fehlerart"
Kategorie,"Code, Anweisung, Betriebssystemfunktion, Programmfunktion, Fehlfunktion, Sinusfunktion, Funktion, Arbeitsplatzrechner, Edvac-rechner, Edsac-rechner, Großrechner, Rechner, Quelltext, Anwendungssystem, Rechnersystem, Zielsystem, System, Hilfetext, Programmtext, N{\text, Text, Rechnerumgebung, Hardwareumgebung, Programmierumgebung, Umgebung, Quellcode, Cross-plattform, Zielplattform, Plattform, Entwicklungsmethode, Iterationsmethode, Methode, Compilezeit, Einarbeitungszeit, Zeit, Compilezeit-phase, Projektphase, Phase, Management, Server-bereich, Desktop-bereich, Bereich, Schleife, Arbeit, Newton-verfahren, Iterationsverfahren, Verfahren, Oberflächenform, Form, Schritt, Plattformunabhängigkeit, Unabhängigkeit, Anwendung, Programmausführung, Ausführung, Neuentwicklung, Entwicklung, Datei, Auszeichnungssprache, Sprache, Stelle, Funktionsblock, Anweisungsblock, Formatierung, Dokumentation, Programmierstil, Einrückungsstil, Übersetzungsvorgang, Vorgang, Programmstruktur, Datumenstruktur, Aufgabenstellung, Stellung, Kompilieren, Konfigurieren, Untervariante, Variante, Quelltextdaten, Eingabedaten, Adresse, Ausführungszeitraum, Zeitraum, Software-lebenszyklus, Produktlebenszyklus, Programm-inhalt, Inhalt, Schutzfähigkeit, Lauffähigkeit, Prozessortyp, Cpu-typ, Assemblersprache, Fehlerart, Art"
Zusammenfassung,"Zwischencode, Maschinencode, Zielcode, Html-code, Bytecode, Code, Sql-anweisung, Originalanweisung, Quellcodeanweisung, Ausgabeanweisung, Ablaufanweisung, Schleifenkontrollanweisung, Anweisung, Betriebssystemfunktion, Programmfunktion, Fehlfunktion, Sinusfunktion, Funktion, Befehl, Arbeitsplatzrechner, Edvac-rechner, Edsac-rechner, Großrechner, Rechner, Quelltext, Anwendungssystem, Rechnersystem, Zielsystem, System, Hilfetext, Programmtext, N{\text, Text, Rechnerumgebung, Hardwareumgebung, Programmierumgebung, Umgebung, Programm-quellcode, Quellcode, Cross-plattform, Zielplattform, Plattform, Entwicklungsmethode, Iterationsmethode, Methode, Compilezeit-phase, Projektphase, Phase, Server-bereich, Desktop-bereich, Bereich, Teamarbeit, Programmierarbeit, Arbeit, Newton-verfahren, Iterationsverfahren, Verfahren, Microcomputer, Computer, Oberflächenform, Form, Rechenschritt, Schritt, Unabhängigkeit, Programmausführung, Ausführung, Entwicklung, Paket, Datei, Auszeichnungssprache, Sprache, Stelle, Funktionsblock, Anweisungsblock, Programmstruktur, Datumenstruktur, Aufgabenstellung, Stellung, Variante, Quelltextdaten, Eingabedaten, Vorschrift, Adresse, Prozessortyp, Cpu-typ, Assemblersprache, Fehlerart, Art, Speicherverbrauch, Ressourcenverbrauch"
Menge,"Zwischencode, Maschinencode, Zielcode, Html-code, Bytecode, Code, Sql-anweisung, Originalanweisung, Quellcodeanweisung, Ausgabeanweisung, Ablaufanweisung, Schleifenkontrollanweisung, Anweisung, Betriebssystemfunktion, Programmfunktion, Fehlfunktion, Sinusfunktion, Funktion, Befehl, Arbeitsplatzrechner, Edvac-rechner, Edsac-rechner, Großrechner, Rechner, Quelltext, Anwendungssystem, Rechnersystem, Zielsystem, System, Text, Rechnerumgebung, Hardwareumgebung, Programmierumgebung, Umgebung, Quellcode, Cross-plattform, Zielplattform, Plattform, Entwicklungsmethode, Iterationsmethode, Methode, Compilezeit-phase, Projektphase, Phase, Server-bereich, Desktop-bereich, Bereich, Schleife, Arbeit, Newton-verfahren, Iterationsverfahren, Verfahren, Computer, Oberflächenform, Form, Rechenschritt, Schritt, Unabhängigkeit, Anwendung, Programmausführung, Ausführung, Entwicklung, Paket, Programmdatei, Datei, Auszeichnungssprache, Sprache, Ziel, Funktionsblock, Anweisungsblock, Formatierung, Programmierstil, Einrückungsstil, Programmstruktur, Datumenstruktur, Aufgabenstellung, Stellung, Software-dokument, Entwurfsdokument, Untervariante, Variante, Quelltextdaten, Eingabedaten, Vorschrift, Adresse, Prozessortyp, Cpu-typ, Fehlerart, Art"
Ordnung,"Zwischencode, Maschinencode, Zielcode, Html-code, Bytecode, Code, Sql-anweisung, Originalanweisung, Quellcodeanweisung, Ausgabeanweisung, Ablaufanweisung, Schleifenkontrollanweisung, Anweisung, Maschinenbefehl, Aufrufbefehl, Prozessorbefehl, Vergleichsbefehl, Befehl, Quelltext, Anwendungssystem, Rechnersystem, Zielsystem, System, Hilfetext, Programmtext, N{\text, Text, Rechnerumgebung, Hardwareumgebung, Programmierumgebung, Umgebung, Quellcode, Cross-plattform, Zielplattform, Plattform, Entwicklungsmethode, Iterationsmethode, Methode, Compilezeit-phase, Projektphase, Phase, Management, Server-bereich, Desktop-bereich, Bereich, Schleife, Arbeit, Newton-verfahren, Iterationsverfahren, Verfahren, Computer, Oberflächenform, Form, Rechenschritt, Schritt, Plattformunabhängigkeit, Unabhängigkeit, Anwendung, Programmausführung, Ausführung, Neuentwicklung, Entwicklung, Programmpaket, Paket, Auszeichnungssprache, Sprache, Stelle, Formatierung, Dokumentation, Programmstruktur, Datumenstruktur, Aufgabenstellung, Stellung, Editor, Kompilieren, Konfigurieren, Untervariante, Variante, Verarbeitungsvorschrift, Vorschrift, Adresse, Sicht, Richtlinie, Schutzfähigkeit, Lauffähigkeit, Assemblersprache, Fehlerart, Art"
Gruppe,"Code, Anweisung, Betriebssystemfunktion, Programmfunktion, Fehlfunktion, Sinusfunktion, Funktion, Arbeitsplatzrechner, Edvac-rechner, Edsac-rechner, Großrechner, Rechner, Quelltext, Anwendungssystem, Rechnersystem, Zielsystem, System, Hilfetext, Programmtext, N{\text, Text, Rechnerumgebung, Hardwareumgebung, Programmierumgebung, Umgebung, Quellcode, Cross-plattform, Zielplattform, Plattform, Entwicklungsmethode, Iterationsmethode, Methode, Phase, Management, Server-bereich, Desktop-bereich, Bereich, Foreach-schleife, Schleife, Arbeit, Newton-verfahren, Iterationsverfahren, Verfahren, Oberflächenform, Form, Schritt, Plattformunabhängigkeit, Unabhängigkeit, Unix-anwendung, Anwendung, Programmausführung, Ausführung, Neuentwicklung, Entwicklung, Datei, Auszeichnungssprache, Sprache, Version, Stelle, Funktionsblock, Anweisungsblock, Quelltextformatierung, Formatierung, Dokumentation, Programmierstil, Einrückungsstil, Programmstruktur, Datumenstruktur, Aufgabenstellung, Stellung, Kompilieren, Konfigurieren, Untervariante, Variante, Quelltextdaten, Eingabedaten, Speicheradresse, Adresse, Schutzfähigkeit, Lauffähigkeit, Prozessortyp, Cpu-typ, Assemblersprache, Fehlerart, Art"
Zustand,"Code, Sql-anweisung, Originalanweisung, Quellcodeanweisung, Ausgabeanweisung, Ablaufanweisung, Schleifenkontrollanweisung, Anweisung, Funktion, Befehl, Quelltext, Anwendungssystem, Rechnersystem, Zielsystem, System, Text, Umgebung, Cross-plattform, Zielplattform, Plattform, Entwicklungsmethode, Iterationsmethode, Methode, Phase, Workflow-management, Veränderungsmanagement, Management, Server-bereich, Desktop-bereich, Bereich, Schleife, Teamarbeit, Programmierarbeit, Arbeit, Newton-verfahren, Iterationsverfahren, Verfahren, Fehler, Oberflächenform, Form, Schritt, Plattformunabhängigkeit, Unabhängigkeit, Anwendung, Programmausführung, Ausführung, Quellcode-portabilität, Portabilität, Neuentwicklung, Entwicklung, Paket, Auszeichnungssprache, Sprache, Programmstelle, Stelle, Problem, Methodenimplementierung, Implementierung, Bauziel, Ziel, Formatierung, Programmstruktur, Datumenstruktur, Aufgabenstellung, Stellung, Untervariante, Variante, Vorschrift, Operation, Adresse, Schutzfähigkeit, Lauffähigkeit, Fehlerart, Art"
Teil,"Unterprogramm, Maschinenprogramm, Hauptprogramm, Stapelprogramm, Dialogprogramm, Systemprogramm, Dienstprogramm, Binärprogramm, Anwenderprogramm, Programm, Quelloffene-software, Open-source-software, Individualsoftware, Anwendungssoftware, Software, Quelltext, Jit-compiler, Precompiler, Java-compiler, Compiler, System, Hilfetext, Programmtext, N{\text, Text, Programm-quellcode, Quellcode, Texteditor, Methode, Compilezeit, Einarbeitungszeit, Zeit, Phase, Workflow-management, Veränderungsmanagement, Management, Bereich, Teamarbeit, Programmierarbeit, Arbeit, Newton-verfahren, Iterationsverfahren, Verfahren, Syntaxfehler, Fehler, Form, Programmteil, Ausführung, Neuentwicklung, Entwicklung, Sprache, Version, Befehlsfolge, Folge, Berechnung, Programmstelle, Stelle, Funktionsblock, Anweisungsblock, Debugger, Vorgang, Stellung, Rechenoperation, Operation, Speicheradresse, Adresse, Ausführungszeitraum, Zeitraum, Software-lebenszyklus, Produktlebenszyklus, Fehlerart, Art, Speicherverbrauch, Ressourcenverbrauch"
Struktur,"Zwischencode, Maschinencode, Zielcode, Html-code, Bytecode, Code, Sql-anweisung, Originalanweisung, Quellcodeanweisung, Ausgabeanweisung, Ablaufanweisung, Schleifenkontrollanweisung, Anweisung, Maschinenbefehl, Aufrufbefehl, Prozessorbefehl, Vergleichsbefehl, Befehl, Rechner, Quelltext, Anwendungssystem, Rechnersystem, Zielsystem, System, Hilfetext, Programmtext, N{\text, Text, Rechnerumgebung, Hardwareumgebung, Programmierumgebung, Umgebung, Programm-quellcode, Quellcode, Plattform, Methode, Compilezeit-phase, Projektphase, Phase, Server-bereich, Desktop-bereich, Bereich, Teamarbeit, Programmierarbeit, Arbeit, Verfahren, Microcomputer, Computer, Form, Rechenschritt, Schritt, Ausführung, Entwicklung, Programmpaket, Paket, Auszeichnungssprache, Sprache, Stelle, Programmstruktur, Datumenstruktur, Stellung, Editor, Verarbeitungsvorschrift, Vorschrift, Adresse, Sicht, Richtlinie, Assemblersprache, Fehlerart, Art, Speicherverbrauch, Ressourcenverbrauch"
Ergebnis,"Unterprogramm, Maschinenprogramm, Hauptprogramm, Stapelprogramm, Dialogprogramm, Systemprogramm, Dienstprogramm, Binärprogramm, Anwenderprogramm, Programm, Quelloffene-software, Open-source-software, Individualsoftware, Anwendungssoftware, Software, Betriebssystemfunktion, Programmfunktion, Fehlfunktion, Sinusfunktion, Funktion, Quelltext, Jit-compiler, Precompiler, Java-compiler, Compiler, System, Hilfetext, Programmtext, N{\text, Text, Programm-quellcode, Quellcode, Texteditor, Zeit, Phase, Anforderungsanalyse, Performanzanalyse, Analyse, Bereich, Foreach-schleife, Schleife, Teamarbeit, Programmierarbeit, Arbeit, Syntaxfehler, Fehler, Neuentwicklung, Entwicklung, Version, Befehlsfolge, Folge, Programmstelle, Stelle, Anwendungsproblem, Problem, Ziel, Programmierdokumentation, Dokumentation, Debugger, Schutz, Vorgang, Rechenoperation, Operation, Software-lebenszyklus, Produktlebenszyklus, Speicherverbrauch, Ressourcenverbrauch"
Element,"Unterprogramm, Maschinenprogramm, Hauptprogramm, Stapelprogramm, Dialogprogramm, Systemprogramm, Dienstprogramm, Binärprogramm, Anwenderprogramm, Programm, Sql-anweisung, Originalanweisung, Quellcodeanweisung, Ausgabeanweisung, Ablaufanweisung, Schleifenkontrollanweisung, Anweisung, Software, Maschinenbefehl, Aufrufbefehl, Prozessorbefehl, Vergleichsbefehl, Befehl, Quelltext, Compiler, Hilfetext, Programmtext, N{\text, Text, Rechnerumgebung, Hardwareumgebung, Programmierumgebung, Umgebung, Quellcode, Texteditor, Compilezeit, Einarbeitungszeit, Zeit, Workflow-management, Veränderungsmanagement, Management, Arbeit, Verfahren, Fehler, Programmteil, Teil, Entwicklung, Befehlsfolge, Folge, Programmstelle, Stelle, Funktionsblock, Anweisungsblock, Debugger, Dateiendung, Endung, Verarbeitungsvorschrift, Vorschrift, Rechenoperation, Operation, Speicheradresse, Adresse, Zeitraum, Urheberrechtsrichtlinie, Richtlinie, Art"
Folge,"Unterprogramm, Maschinenprogramm, Hauptprogramm, Stapelprogramm, Dialogprogramm, Systemprogramm, Dienstprogramm, Binärprogramm, Anwenderprogramm, Programm, Code, Quelloffene-software, Open-source-software, Individualsoftware, Anwendungssoftware, Software, Rechner, Quelltext, Jit-compiler, Precompiler, Java-compiler, Compiler, Anwendungssystem, Rechnersystem, Zielsystem, System, Hilfetext, Programmtext, N{\text, Text, Umgebung, Programm-quellcode, Quellcode, Texteditor, Compilezeit, Einarbeitungszeit, Zeit, Compilezeit-phase, Projektphase, Phase, Server-bereich, Desktop-bereich, Bereich, Verfahren, Syntaxfehler, Fehler, Schritt, Anwendung, Neuentwicklung, Entwicklung, Sprache, Dateiversion, Version, Befehlsfolge, Lösung, Programmstelle, Stelle, Debugger, Übersetzungsvorgang, Vorgang, Zeitraum, Software-lebenszyklus, Produktlebenszyklus, Art, Speicherverbrauch, Ressourcenverbrauch"
Taxon,"Code, Anweisung, Quelltext, Anwendungssystem, Rechnersystem, Zielsystem, System, Hilfetext, Programmtext, N{\text, Text, Umgebung, Quellcode, Cross-plattform, Zielplattform, Plattform, Entwicklungsmethode, Iterationsmethode, Methode, Phase, Management, Server-bereich, Desktop-bereich, Bereich, Foreach-schleife, Schleife, Arbeit, Newton-verfahren, Iterationsverfahren, Verfahren, Oberflächenform, Form, Schritt, Plattformunabhängigkeit, Unabhängigkeit, Unix-anwendung, Anwendung, Programmausführung, Ausführung, Neuentwicklung, Entwicklung, Auszeichnungssprache, Sprache, Version, Stelle, Quelltextformatierung, Formatierung, Dokumentation, Programmstruktur, Datumenstruktur, Aufgabenstellung, Stellung, Kompilieren, Konfigurieren, Untervariante, Variante, Speicheradresse, Adresse, Schutzfähigkeit, Lauffähigkeit, Prozessortyp, Cpu-typ, Assemblersprache, Fehlerart, Art"
Eigenschaft,"Code, Anweisung, Quelltext, Anwendungssystem, Rechnersystem, Zielsystem, System, Hilfetext, Programmtext, N{\text, Text, Umgebung, Quellcode, Cross-plattform, Zielplattform, Plattform, Entwicklungsmethode, Iterationsmethode, Methode, Phase, Management, Server-bereich, Desktop-bereich, Bereich, Schleife, Arbeit, Newton-verfahren, Iterationsverfahren, Verfahren, Oberflächenform, Form, Schritt, Plattformunabhängigkeit, Unabhängigkeit, Anwendung, Programmausführung, Ausführung, Quellcode-portabilität, Portabilität, Neuentwicklung, Entwicklung, Auszeichnungssprache, Sprache, Stelle, Funktionsblock, Anweisungsblock, Formatierung, Dokumentation, Softwarequalität, Qualität, Programmstruktur, Datumenstruktur, Aufgabenstellung, Stellung, Kompilieren, Konfigurieren, Untervariante, Variante, Speicheradresse, Adresse, Schutzfähigkeit, Lauffähigkeit, Assemblersprache, Fehlerart, Art"
Gesamtheit,"Anweisung, Arbeitsplatzrechner, Edvac-rechner, Edsac-rechner, Großrechner, Rechner, Quelltext, Hilfetext, Programmtext, N{\text, Text, Erstellungsmöglichkeit, Klassifizierungsmöglichkeit, Verwechslungsmöglichkeit, Möglichkeit, Quellcode, Algorithmus, Endgerät, Programmiergerät, Gerät, Management, Analyse, Foreach-schleife, Schleife, Teamarbeit, Programmierarbeit, Arbeit, Patch, Microcomputer, Computer, Programmteil, Teil, Anwendung, Entwicklung, Programmpaket, Paket, Auszeichnungssprache, Sprache, Folge, Lösung, Stelle, Test, Ziel, Quelltextformatierung, Formatierung, Dokumentation, Webseite, Programmierstil, Einrückungsstil, Langzeitverhalten, Verhalten, Software-dokument, Entwurfsdokument, Prinzip, Online-verbindung, Verbindung, Verarbeitungsvorschrift, Vorschrift, Operation, Sicht, Urheberrechtsrichtlinie, Richtlinie, Assemblersprache"
Gegenstand,"Unterprogramm, Maschinenprogramm, Hauptprogramm, Stapelprogramm, Dialogprogramm, Systemprogramm, Dienstprogramm, Binärprogramm, Anwenderprogramm, Programm, Software, Arbeitsplatzrechner, Edvac-rechner, Edsac-rechner, Großrechner, Rechner, Quelltext, Compiler, Hilfetext, Programmtext, N{\text, Text, Quellcode, Plattform, Texteditor, Compilezeit, Einarbeitungszeit, Zeit, Endgerät, Programmiergerät, Gerät, Workflow-management, Veränderungsmanagement, Management, Teamarbeit, Programmierarbeit, Arbeit, Verfahren, Microcomputer, Computer, Syntaxfehler, Fehler, Programmteil, Teil, Entwicklung, Befehlsfolge, Folge, Programmstelle, Stelle, Bauziel, Ziel, Funktionsblock, Anweisungsblock, Debugger, Werkzeug, Stellung, Rechenoperation, Operation, Speicheradresse, Adresse, Zeitraum, Art"
Aufbau,"Zwischencode, Maschinencode, Zielcode, Html-code, Bytecode, Code, Sql-anweisung, Originalanweisung, Quellcodeanweisung, Ausgabeanweisung, Ablaufanweisung, Schleifenkontrollanweisung, Anweisung, Befehl, Quelltext, Anwendungssystem, Rechnersystem, Zielsystem, System, Text, Rechnerumgebung, Hardwareumgebung, Programmierumgebung, Umgebung, Quellcode, Cross-plattform, Zielplattform, Plattform, Compilezeit-phase, Projektphase, Phase, Server-bereich, Desktop-bereich, Bereich, Foreach-schleife, Schleife, Arbeit, Computer, Oberflächenform, Form, Rechenschritt, Schritt, Unix-anwendung, Anwendung, Paket, Auszeichnungssprache, Sprache, Version, Quelltextformatierung, Formatierung, Programmstruktur, Datumenstruktur, Untervariante, Variante, Vorschrift, Speicheradresse, Adresse, Prozessortyp, Cpu-typ, Art"
System,"Zwischencode, Maschinencode, Zielcode, Html-code, Bytecode, Code, Anweisung, Arbeitsplatzrechner, Edvac-rechner, Edsac-rechner, Großrechner, Rechner, Quelltext, Anwendungssystem, Rechnersystem, Zielsystem, Hilfetext, Programmtext, N{\text, Text, Programm-quellcode, Quellcode, Plattform, Entwicklungsmethode, Iterationsmethode, Methode, Bereich, Newton-verfahren, Iterationsverfahren, Verfahren, Microcomputer, Computer, Fehler, Oberflächenform, Form, Unabhängigkeit, Teil, Programmausführung, Ausführung, Entwicklung, Datei, Auszeichnungssprache, Sprache, Version, Folge, Programmstelle, Stelle, Programmstruktur, Datumenstruktur, Aufgabenstellung, Stellung, Variante, Quelltextdaten, Eingabedaten, Hilfsvariable, Zeigervariable, Assemblersprache, Fehlerart, Art"
Text,"Zwischencode, Maschinencode, Zielcode, Html-code, Bytecode, Code, Anweisung, Funktion, Arbeitsplatzrechner, Edvac-rechner, Edsac-rechner, Großrechner, Rechner, Quelltext, Anwendungssystem, Rechnersystem, Zielsystem, System, Hilfetext, Programmtext, N{\text, Rechnerumgebung, Hardwareumgebung, Programmierumgebung, Umgebung, Programm-quellcode, Quellcode, Plattform, Methode, Compilezeit-phase, Projektphase, Phase, Server-bereich, Desktop-bereich, Bereich, Arbeit, Verfahren, Computer, Syntaxfehler, Fehler, Form, Rechenschritt, Schritt, Unix-anwendung, Anwendung, Ausführung, Auszeichnungssprache, Sprache, Dateiversion, Version, Programmstelle, Stelle, Programmstruktur, Datumenstruktur, Stellung, Prozessortyp, Cpu-typ, Fehlerart, Art"
Bezeichnung,"Unterprogramm, Maschinenprogramm, Hauptprogramm, Stapelprogramm, Dialogprogramm, Systemprogramm, Dienstprogramm, Binärprogramm, Anwenderprogramm, Programm, Sql-anweisung, Originalanweisung, Quellcodeanweisung, Ausgabeanweisung, Ablaufanweisung, Schleifenkontrollanweisung, Anweisung, Software, Maschinenbefehl, Aufrufbefehl, Prozessorbefehl, Vergleichsbefehl, Befehl, Quelltext, Compiler, Hilfetext, Programmtext, N{\text, Text, Rechnerumgebung, Hardwareumgebung, Programmierumgebung, Umgebung, Quellcode, Texteditor, Zeit, Management, Syntaxfehler, Fehler, Programmteil, Teil, Entwicklung, Befehlsfolge, Folge, Programmstelle, Stelle, Funktionsblock, Anweisungsblock, Debugger, Dateiendung, Endung, Verarbeitungsvorschrift, Vorschrift, Operation, Adresse, Hilfsvariable, Zeigervariable, Richtlinie"
Gattung,"Code, Anweisung, Quelltext, Anwendungssystem, Rechnersystem, Zielsystem, System, Hilfetext, Programmtext, N{\text, Text, Umgebung, Quellcode, Cross-plattform, Zielplattform, Plattform, Entwicklungsmethode, Iterationsmethode, Methode, Phase, Management, Server-bereich, Desktop-bereich, Bereich, Schleife, Arbeit, Newton-verfahren, Iterationsverfahren, Verfahren, Oberflächenform, Form, Schritt, Plattformunabhängigkeit, Unabhängigkeit, Anwendung, Programmausführung, Ausführung, Neuentwicklung, Entwicklung, Auszeichnungssprache, Sprache, Stelle, Formatierung, Dokumentation, Programmstruktur, Datumenstruktur, Aufgabenstellung, Stellung, Kompilieren, Konfigurieren, Untervariante, Variante, Adresse, Schutzfähigkeit, Lauffähigkeit, Assemblersprache, Fehlerart, Art"
Grundeinheit,"Code, Anweisung, Quelltext, Anwendungssystem, Rechnersystem, Zielsystem, System, Hilfetext, Programmtext, N{\text, Text, Umgebung, Quellcode, Cross-plattform, Zielplattform, Plattform, Entwicklungsmethode, Iterationsmethode, Methode, Phase, Management, Server-bereich, Desktop-bereich, Bereich, Schleife, Arbeit, Newton-verfahren, Iterationsverfahren, Verfahren, Oberflächenform, Form, Schritt, Plattformunabhängigkeit, Unabhängigkeit, Anwendung, Programmausführung, Ausführung, Neuentwicklung, Entwicklung, Auszeichnungssprache, Sprache, Stelle, Formatierung, Dokumentation, Programmstruktur, Datumenstruktur, Aufgabenstellung, Stellung, Kompilieren, Konfigurieren, Untervariante, Variante, Adresse, Schutzfähigkeit, Lauffähigkeit, Assemblersprache, Fehlerart, Art"
Konzeption,"Code, Anweisung, Quelltext, Anwendungssystem, Rechnersystem, Zielsystem, System, Hilfetext, Programmtext, N{\text, Text, Umgebung, Quellcode, Cross-plattform, Zielplattform, Plattform, Entwicklungsmethode, Iterationsmethode, Methode, Phase, Management, Server-bereich, Desktop-bereich, Bereich, Schleife, Arbeit, Newton-verfahren, Iterationsverfahren, Verfahren, Oberflächenform, Form, Schritt, Plattformunabhängigkeit, Unabhängigkeit, Anwendung, Programmausführung, Ausführung, Neuentwicklung, Entwicklung, Auszeichnungssprache, Sprache, Stelle, Formatierung, Dokumentation, Programmstruktur, Datumenstruktur, Aufgabenstellung, Stellung, Kompilieren, Konfigurieren, Untervariante, Variante, Adresse, Schutzfähigkeit, Lauffähigkeit, Assemblersprache, Fehlerart, Art"
Vorgang,"Code, Sql-anweisung, Originalanweisung, Quellcodeanweisung, Ausgabeanweisung, Ablaufanweisung, Schleifenkontrollanweisung, Anweisung, Maschinenbefehl, Aufrufbefehl, Prozessorbefehl, Vergleichsbefehl, Befehl, Anwendungssystem, Rechnersystem, Zielsystem, System, Umgebung, Cross-plattform, Zielplattform, Plattform, Phase, Server-bereich, Desktop-bereich, Bereich, Schleife, Newton-verfahren, Iterationsverfahren, Verfahren, Syntaxfehler, Fehler, Oberflächenform, Form, Rechenschritt, Schritt, Anwendung, Neuentwicklung, Entwicklung, Programmpaket, Paket, Sprache, Problemlösung, Lösung, Stelle, Formatierung, Dokumentation, Programmierstil, Einrückungsstil, Übersetzungsvorgang, Programmstruktur, Datumenstruktur, Untervariante, Variante, Verarbeitungsvorschrift, Vorschrift, Adresse, Richtlinie"
Relation,"Code, Sql-anweisung, Originalanweisung, Quellcodeanweisung, Ausgabeanweisung, Ablaufanweisung, Schleifenkontrollanweisung, Anweisung, Betriebssystemfunktion, Programmfunktion, Fehlfunktion, Sinusfunktion, Funktion, Befehl, Quelltext, Anwendungssystem, Rechnersystem, Zielsystem, System, Text, Umgebung, Plattform, Entwicklungsmethode, Iterationsmethode, Methode, Phase, Gerät, Management, Server-bereich, Desktop-bereich, Bereich, Newton-verfahren, Iterationsverfahren, Verfahren, Oberflächenform, Form, Schritt, Unabhängigkeit, Teil, Programmausführung, Ausführung, Entwicklung, Paket, Auszeichnungssprache, Sprache, Bauziel, Ziel, Werkzeug, Programmstruktur, Datumenstruktur, Aufgabenstellung, Stellung, Variante, Vorschrift, Fehlerart, Art"
Konzept,"Unterprogramm, Maschinenprogramm, Hauptprogramm, Stapelprogramm, Dialogprogramm, Systemprogramm, Dienstprogramm, Binärprogramm, Anwenderprogramm, Programm, Zwischencode, Maschinencode, Zielcode, Html-code, Bytecode, Code, Quelloffene-software, Open-source-software, Individualsoftware, Anwendungssoftware, Software, Betriebssystemfunktion, Programmfunktion, Fehlfunktion, Sinusfunktion, Funktion, Quelltext, Jit-compiler, Precompiler, Java-compiler, Compiler, Anwendungssystem, Rechnersystem, Zielsystem, System, Text, Quellcode, Texteditor, Foreach-schleife, Schleife, Computer, Fehler, Auszeichnungssprache, Sprache, Lösung, Programmstelle, Stelle, Ziel, Programmierdokumentation, Dokumentation, Debugger, Annuitätsprinzip, Prinzip, Rechnerkonzept, Art"
Fassung,"Zwischencode, Maschinencode, Zielcode, Html-code, Bytecode, Code, Anweisung, Funktion, Arbeitsplatzrechner, Edvac-rechner, Edsac-rechner, Großrechner, Rechner, Quelltext, Anwendungssystem, Rechnersystem, Zielsystem, System, Text, Rechnerumgebung, Hardwareumgebung, Programmierumgebung, Umgebung, Quellcode, Plattform, Methode, Compilezeit-phase, Projektphase, Phase, Server-bereich, Desktop-bereich, Bereich, Arbeit, Verfahren, Computer, Form, Rechenschritt, Schritt, Unix-anwendung, Anwendung, Ausführung, Auszeichnungssprache, Sprache, Dateiversion, Version, Programmstruktur, Datumenstruktur, Stellung, Kompilieren, Konfigurieren, Prozessortyp, Cpu-typ, Fehlerart, Art"
Einheit,"Funktion, Rechner, Quelltext, System, Text, Umgebung, Plattform, Entwicklungsmethode, Iterationsmethode, Methode, Compilezeit, Einarbeitungszeit, Zeit, Phase, Workflow-management, Veränderungsmanagement, Management, Bereich, Newton-verfahren, Iterationsverfahren, Verfahren, Oberflächenform, Form, Rechenschritt, Schritt, Unabhängigkeit, Programmausführung, Ausführung, Entwicklung, Programmpaket, Paket, Auszeichnungssprache, Sprache, Stelle, Vorgang, Programmstruktur, Datumenstruktur, Aufgabenstellung, Stellung, Variante, Hilfsvariable, Zeigervariable, Ausführungszeitraum, Zeitraum, Programm-inhalt, Inhalt, Prozessortyp, Cpu-typ, Fehlerart, Art"
Kleidungsstück,"Unterprogramm, Maschinenprogramm, Hauptprogramm, Stapelprogramm, Dialogprogramm, Systemprogramm, Dienstprogramm, Binärprogramm, Anwenderprogramm, Programm, Software, Quelltext, Compiler, Hilfetext, Programmtext, N{\text, Text, Quellcode, Texteditor, Compilezeit, Einarbeitungszeit, Zeit, Workflow-management, Veränderungsmanagement, Management, Foreach-schleife, Schleife, Arbeit, Verfahren, Fehler, Programmteil, Teil, Entwicklung, Befehlsfolge, Folge, Programmstelle, Stelle, Funktionsblock, Anweisungsblock, Debugger, Rechenoperation, Operation, Speicheradresse, Adresse, Zeitraum, Art"
Reihe,"Unterprogramm, Maschinenprogramm, Hauptprogramm, Stapelprogramm, Dialogprogramm, Systemprogramm, Dienstprogramm, Binärprogramm, Anwenderprogramm, Programm, Quelloffene-software, Open-source-software, Individualsoftware, Anwendungssoftware, Software, Quelltext, Jit-compiler, Precompiler, Java-compiler, Compiler, System, Hilfetext, Programmtext, N{\text, Text, Programm-quellcode, Quellcode, Texteditor, Zeit, Phase, Bereich, Fehler, Neuentwicklung, Entwicklung, Version, Befehlsfolge, Folge, Programmstelle, Stelle, Debugger, Vorgang, Software-lebenszyklus, Produktlebenszyklus, Speicherverbrauch, Ressourcenverbrauch"
Liste,"Unterprogramm, Maschinenprogramm, Hauptprogramm, Stapelprogramm, Dialogprogramm, Systemprogramm, Dienstprogramm, Binärprogramm, Anwenderprogramm, Programm, Quelloffene-software, Open-source-software, Individualsoftware, Anwendungssoftware, Software, Quelltext, Jit-compiler, Precompiler, Java-compiler, Compiler, System, Hilfetext, Programmtext, N{\text, Text, Programm-quellcode, Quellcode, Texteditor, Zeit, Phase, Bereich, Fehler, Neuentwicklung, Entwicklung, Version, Befehlsfolge, Folge, Programmstelle, Stelle, Debugger, Vorgang, Software-lebenszyklus, Produktlebenszyklus, Speicherverbrauch, Ressourcenverbrauch"
Stoff,"Programm, Sql-anweisung, Originalanweisung, Quellcodeanweisung, Ausgabeanweisung, Ablaufanweisung, Schleifenkontrollanweisung, Anweisung, Maschinenbefehl, Aufrufbefehl, Prozessorbefehl, Vergleichsbefehl, Befehl, Rechner, Text, Rechnerumgebung, Hardwareumgebung, Programmierumgebung, Umgebung, Zeit, Management, Foreach-schleife, Schleife, Programmteil, Teil, Befehlsfolge, Folge, Problemlösung, Lösung, Stelle, Funktionsblock, Anweisungsblock, Lizenzvereinbarung, Vereinbarung, Dateiendung, Endung, Online-verbindung, Verbindung, Verarbeitungsvorschrift, Vorschrift, Operation, Adresse, Richtlinie"
Ablauf,"Sql-anweisung, Originalanweisung, Quellcodeanweisung, Ausgabeanweisung, Ablaufanweisung, Schleifenkontrollanweisung, Anweisung, Befehl, System, Plattform, Compilezeit, Einarbeitungszeit, Zeit, Compilezeit-phase, Projektphase, Phase, Bereich, Newton-verfahren, Iterationsverfahren, Verfahren, Syntaxfehler, Fehler, Oberflächenform, Form, Schritt, Neuentwicklung, Entwicklung, Programmpaket, Paket, Problemlösung, Lösung, Programmierstil, Einrückungsstil, Übersetzungsvorgang, Vorgang, Programmstruktur, Datumenstruktur, Variante, Vorschrift, Ausführungszeitraum, Zeitraum, Software-lebenszyklus, Produktlebenszyklus"
Aussehen,"Zwischencode, Maschinencode, Zielcode, Html-code, Bytecode, Code, Sql-anweisung, Originalanweisung, Quellcodeanweisung, Ausgabeanweisung, Ablaufanweisung, Schleifenkontrollanweisung, Anweisung, Befehl, Quelltext, Anwendungssystem, Rechnersystem, Zielsystem, System, Text, Rechnerumgebung, Hardwareumgebung, Programmierumgebung, Umgebung, Quellcode, Compilezeit-phase, Projektphase, Phase, Server-bereich, Desktop-bereich, Bereich, Arbeit, Computer, Rechenschritt, Schritt, Paket, Auszeichnungssprache, Sprache, Programmstruktur, Datumenstruktur, Vorschrift, Art"
Zusammensetzung,"Zwischencode, Maschinencode, Zielcode, Html-code, Bytecode, Code, Sql-anweisung, Originalanweisung, Quellcodeanweisung, Ausgabeanweisung, Ablaufanweisung, Schleifenkontrollanweisung, Anweisung, Befehl, Quelltext, Anwendungssystem, Rechnersystem, Zielsystem, System, Text, Rechnerumgebung, Hardwareumgebung, Programmierumgebung, Umgebung, Quellcode, Compilezeit-phase, Projektphase, Phase, Server-bereich, Desktop-bereich, Bereich, Arbeit, Computer, Rechenschritt, Schritt, Paket, Auszeichnungssprache, Sprache, Programmstruktur, Datumenstruktur, Vorschrift, Art"
Tun,"Funktion, Ggt-algorithmus, Algorithmus, Entwicklungsmethode, Iterationsmethode, Methode, Workflow-management, Veränderungsmanagement, Management, Anforderungsanalyse, Performanzanalyse, Analyse, Teamarbeit, Programmierarbeit, Arbeit, Newton-verfahren, Iterationsverfahren, Verfahren, Schritt, Unix-anwendung, Anwendung, Neuentwicklung, Entwicklung, Problem, Entwicklertest, Test, Bauziel, Ziel, Quelltextformatierung, Formatierung, Langzeitverhalten, Verhalten, Prinzip, Verarbeitungsvorschrift, Vorschrift, Rechenoperation, Operation, Urheberrechtsrichtlinie, Richtlinie"
Beziehung,"Anweisung, Betriebssystemfunktion, Programmfunktion, Fehlfunktion, Sinusfunktion, Funktion, Rechner, System, Methode, Workflow-management, Veränderungsmanagement, Management, Bereich, Foreach-schleife, Schleife, Teamarbeit, Programmierarbeit, Arbeit, Verfahren, Form, Ausführung, Neuentwicklung, Entwicklung, Sprache, Problem, Ziel, Funktionsblock, Anweisungsblock, Programmstruktur, Datumenstruktur, Stellung, Lizenzvereinbarung, Vereinbarung, Online-verbindung, Verbindung, Operation, Fehlerart, Art"
Organisation,"Zwischencode, Maschinencode, Zielcode, Html-code, Bytecode, Code, Rechner, Quelltext, Anwendungssystem, Rechnersystem, Zielsystem, System, Hilfetext, Programmtext, N{\text, Text, Programm-quellcode, Quellcode, Methode, Workflow-management, Veränderungsmanagement, Management, Schleife, Verfahren, Microcomputer, Computer, Form, Ausführung, Auszeichnungssprache, Sprache, Stelle, Stellung, Vereinbarung, Online-verbindung, Verbindung, Assemblersprache, Fehlerart, Art"
Handlung,"Betriebssystemfunktion, Programmfunktion, Fehlfunktion, Sinusfunktion, Funktion, Ggt-algorithmus, Algorithmus, Workflow-management, Veränderungsmanagement, Management, Anforderungsanalyse, Performanzanalyse, Analyse, Schleife, Teamarbeit, Programmierarbeit, Arbeit, Rechenschritt, Schritt, Unix-anwendung, Anwendung, Neuentwicklung, Entwicklung, Berechnung, Anwendungsproblem, Problem, Entwicklertest, Test, Bauziel, Ziel, Quelltextformatierung, Formatierung, Schutz, Rechenoperation, Operation, Setzen, Übersetzen"
Anordnung,"Code, Sql-anweisung, Originalanweisung, Quellcodeanweisung, Ausgabeanweisung, Ablaufanweisung, Schleifenkontrollanweisung, Anweisung, Maschinenbefehl, Aufrufbefehl, Prozessorbefehl, Vergleichsbefehl, Befehl, Anwendungssystem, Rechnersystem, Zielsystem, System, Umgebung, Phase, Server-bereich, Desktop-bereich, Bereich, Schritt, Programmpaket, Paket, Sprache, Programmstruktur, Datumenstruktur, Editor, Verarbeitungsvorschrift, Vorschrift, Endanwendersicht, Sicht, Urheberrechtsrichtlinie, Richtlinie"
Sammlung,"Sql-anweisung, Originalanweisung, Quellcodeanweisung, Ausgabeanweisung, Ablaufanweisung, Schleifenkontrollanweisung, Anweisung, Befehl, System, Plattform, Bereich, Newton-verfahren, Iterationsverfahren, Verfahren, Syntaxfehler, Fehler, Oberflächenform, Form, Schritt, Neuentwicklung, Entwicklung, Programmpaket, Paket, Problemlösung, Lösung, Programmierstil, Einrückungsstil, Übersetzungsvorgang, Vorgang, Programmstruktur, Datumenstruktur, Editor, Variante, Vorschrift"
Schrift,"Code, Rechner, Quelltext, Anwendungssystem, Rechnersystem, Zielsystem, System, Hilfetext, Programmtext, N{\text, Text, Umgebung, Programm-quellcode, Quellcode, Phase, Server-bereich, Desktop-bereich, Bereich, Syntaxfehler, Fehler, Schritt, Anwendung, Programmdatei, Datei, Sprache, Dateiversion, Version, Programmstelle, Stelle, Software-dokument, Entwurfsdokument, Quelltextdaten, Eingabedaten, Art"
Verhalten,"Funktion, Ggt-algorithmus, Algorithmus, Workflow-management, Veränderungsmanagement, Management, Anforderungsanalyse, Performanzanalyse, Analyse, Teamarbeit, Programmierarbeit, Arbeit, Schritt, Unix-anwendung, Anwendung, Neuentwicklung, Entwicklung, Problem, Entwicklertest, Test, Bauziel, Ziel, Quelltextformatierung, Formatierung, Langzeitverhalten, Annuitätsprinzip, Prinzip, Verarbeitungsvorschrift, Vorschrift, Rechenoperation, Operation, Urheberrechtsrichtlinie, Richtlinie"
Abteilung,"Quelltext, System, Text, Plattform, Entwicklungsmethode, Iterationsmethode, Methode, Workflow-management, Veränderungsmanagement, Management, Bereich, Newton-verfahren, Iterationsverfahren, Verfahren, Fehler, Oberflächenform, Form, Unabhängigkeit, Programmausführung, Ausführung, Entwicklung, Auszeichnungssprache, Sprache, Programmstelle, Stelle, Programmstruktur, Datumenstruktur, Aufgabenstellung, Stellung, Variante, Fehlerart, Art"
Mittel,"Arbeitsplatzrechner, Edvac-rechner, Edsac-rechner, Großrechner, Rechner, Quelltext, Hilfetext, Programmtext, N{\text, Text, Übertragungsaufwand, Anpassungsaufwand, Entwicklungsaufwand, Aufwand, Quellcode, Plattform, Endgerät, Programmiergerät, Gerät, Teamarbeit, Programmierarbeit, Arbeit, Microcomputer, Computer, Entwicklung, Auszeichnungssprache, Sprache, Stelle, Werkzeug, Stellung, Adresse, Assemblersprache"
Tätigkeit,"Betriebssystemfunktion, Programmfunktion, Fehlfunktion, Sinusfunktion, Funktion, Workflow-management, Veränderungsmanagement, Management, Schleife, Teamarbeit, Programmierarbeit, Arbeit, Newton-verfahren, Iterationsverfahren, Verfahren, Syntaxfehler, Fehler, Neuentwicklung, Entwicklung, Programmstelle, Stelle, Anwendungsproblem, Problem, Methodenimplementierung, Implementierung, Bauziel, Ziel, Schutz, Rechenoperation, Operation, Setzen, Übersetzen"
Zeichen,"Quelltext, System, Hilfetext, Programmtext, N{\text, Text, Programm-quellcode, Quellcode, Bereich, Arbeit, Syntaxfehler, Fehler, Programmdatei, Datei, Auszeichnungssprache, Sprache, Version, Programmstelle, Stelle, Qualitätskriterium, Kriterium, Softwarequalität, Qualität, Software-dokument, Entwurfsdokument, Quelltextdaten, Eingabedaten, Rechenoperation, Operation, Hilfsvariable, Zeigervariable, Assemblersprache"
Gefüge,"Zwischencode, Maschinencode, Zielcode, Html-code, Bytecode, Code, Rechner, Quelltext, Anwendungssystem, Rechnersystem, Zielsystem, System, Hilfetext, Programmtext, N{\text, Text, Programm-quellcode, Quellcode, Methode, Verfahren, Microcomputer, Computer, Form, Ausführung, Auszeichnungssprache, Sprache, Stelle, Stellung, Assemblersprache, Fehlerart, Art"
Objekt,"Programm, Arbeitsplatzrechner, Edvac-rechner, Edsac-rechner, Großrechner, Rechner, Text, Zeit, Endgerät, Programmiergerät, Gerät, Workflow-management, Veränderungsmanagement, Management, Arbeit, Microcomputer, Computer, Fehler, Programmteil, Teil, Befehlsfolge, Folge, Programmstelle, Stelle, Bauziel, Ziel, Funktionsblock, Anweisungsblock, Werkzeug, Operation, Adresse"
Aktion,"Anweisung, Funktion, Workflow-management, Veränderungsmanagement, Management, Teamarbeit, Programmierarbeit, Arbeit, Newton-verfahren, Iterationsverfahren, Verfahren, Fehler, Form, Neuentwicklung, Entwicklung, Paket, Quadratwurzelberechnung, Berechnung, Lösung, Programmstelle, Stelle, Problem, Methodenimplementierung, Implementierung, Bauziel, Ziel, Übersetzungsvorgang, Vorgang, Editor, Rechenoperation, Operation"
Schema,"Zwischencode, Maschinencode, Zielcode, Html-code, Bytecode, Code, Rechner, Quelltext, Anwendungssystem, Rechnersystem, Zielsystem, System, Hilfetext, Programmtext, N{\text, Text, Programm-quellcode, Quellcode, Methode, Verfahren, Microcomputer, Computer, Form, Ausführung, Auszeichnungssprache, Sprache, Stelle, Stellung, Assemblersprache, Fehlerart, Art"
Code,"Programm, Zwischencode, Maschinencode, Zielcode, Html-code, Bytecode, Sql-anweisung, Originalanweisung, Quellcodeanweisung, Ausgabeanweisung, Ablaufanweisung, Schleifenkontrollanweisung, Anweisung, Befehl, Text, Umgebung, Programm-quellcode, Quellcode, Syntaxfehler, Fehler, Programmteil, Teil, Befehlsfolge, Folge, Programmstelle, Stelle, Endung, Vorschrift, Hilfsvariable, Zeigervariable"
Sprache,"Code, Rechner, Quelltext, Anwendungssystem, Rechnersystem, Zielsystem, System, Hilfetext, Programmtext, N{\text, Text, Umgebung, Programm-quellcode, Quellcode, Phase, Server-bereich, Desktop-bereich, Bereich, Syntaxfehler, Fehler, Schritt, Anwendung, Auszeichnungssprache, Dateiversion, Version, Programmstelle, Stelle, Assemblersprache, Art"
Bereich,"Funktion, Rechnerumgebung, Hardwareumgebung, Programmierumgebung, Umgebung, Cross-plattform, Zielplattform, Plattform, Compilezeit-phase, Projektphase, Phase, Server-bereich, Desktop-bereich, Teamarbeit, Programmierarbeit, Arbeit, Rechenschritt, Schritt, Neuentwicklung, Entwicklung, Stelle, Problem, Aufgabenstellung, Stellung, Operation, Speicheradresse, Adresse, Speicherverbrauch, Ressourcenverbrauch"
Abschnitt,"Methode, Compilezeit, Einarbeitungszeit, Zeit, Compilezeit-phase, Projektphase, Phase, Workflow-management, Veränderungsmanagement, Management, Newton-verfahren, Iterationsverfahren, Verfahren, Syntaxfehler, Fehler, Form, Ausführung, Sprache, Programmstelle, Stelle, Übersetzungsvorgang, Vorgang, Stellung, Ausführungszeitraum, Zeitraum, Software-lebenszyklus, Produktlebenszyklus, Fehlerart, Art"
Ort,"Betriebssystemfunktion, Programmfunktion, Fehlfunktion, Sinusfunktion, Funktion, Cross-plattform, Zielplattform, Plattform, Schleife, Teamarbeit, Programmierarbeit, Arbeit, Fehler, Neuentwicklung, Entwicklung, Programmstelle, Stelle, Anwendungsproblem, Problem, Ziel, Schutz, Aufgabenstellung, Stellung, Rechenoperation, Operation, Speicheradresse, Adresse, Setzen, Übersetzen"
Überlieferung,"Code, Rechner, Quelltext, Anwendungssystem, Rechnersystem, Zielsystem, System, Hilfetext, Programmtext, N{\text, Text, Umgebung, Programm-quellcode, Quellcode, Phase, Server-bereich, Desktop-bereich, Bereich, Syntaxfehler, Fehler, Schritt, Anwendung, Sprache, Dateiversion, Version, Programmstelle, Stelle, Art"
Entwurf,"Quelltext, System, Text, Plattform, Entwicklungsmethode, Iterationsmethode, Methode, Bereich, Newton-verfahren, Iterationsverfahren, Verfahren, Oberflächenform, Form, Unabhängigkeit, Programmausführung, Ausführung, Entwicklung, Auszeichnungssprache, Sprache, Version, Programmstruktur, Datumenstruktur, Aufgabenstellung, Stellung, Untervariante, Variante, Fehlerart, Art"
Maßeinheit,"Quelltext, System, Text, Plattform, Entwicklungsmethode, Iterationsmethode, Methode, Bereich, Newton-verfahren, Iterationsverfahren, Verfahren, Oberflächenform, Form, Rechenschritt, Schritt, Unabhängigkeit, Programmausführung, Ausführung, Entwicklung, Auszeichnungssprache, Sprache, Programmstruktur, Datumenstruktur, Aufgabenstellung, Stellung, Variante, Fehlerart, Art"
Einteilung,"Unterprogramm, Maschinenprogramm, Hauptprogramm, Stapelprogramm, Dialogprogramm, Systemprogramm, Dienstprogramm, Binärprogramm, Anwenderprogramm, Programm, Software, Quelltext, Compiler, Hilfetext, Programmtext, N{\text, Text, Quellcode, Texteditor, Rechenschritt, Schritt, Entwicklung, Befehlsfolge, Folge, Stelle, Debugger, Software-lebenszyklus, Produktlebenszyklus"
Werkzeug,"Funktion, Arbeitsplatzrechner, Edvac-rechner, Edsac-rechner, Großrechner, Rechner, Cross-plattform, Zielplattform, Plattform, Endgerät, Programmiergerät, Gerät, Teamarbeit, Programmierarbeit, Arbeit, Microcomputer, Computer, Neuentwicklung, Entwicklung, Stelle, Problem, Aufgabenstellung, Stellung, Operation, Speicheradresse, Adresse"
Material,"Sql-anweisung, Originalanweisung, Quellcodeanweisung, Ausgabeanweisung, Ablaufanweisung, Schleifenkontrollanweisung, Anweisung, Befehl, Umgebung, Schleife, Patch, Programmteil, Teil, Programmpaket, Paket, Folge, Problemlösung, Lösung, Software-dokument, Entwurfsdokument, Vereinbarung, Endung, Online-verbindung, Verbindung, Vorschrift"
Prozess,"Anweisung, Compilezeit, Einarbeitungszeit, Zeit, Compilezeit-phase, Projektphase, Phase, Newton-verfahren, Iterationsverfahren, Verfahren, Fehler, Form, Neuentwicklung, Entwicklung, Paket, Lösung, Übersetzungsvorgang, Vorgang, Ausführungszeitraum, Zeitraum, Software-lebenszyklus, Produktlebenszyklus, Speicherverbrauch, Ressourcenverbrauch"
Planung,"Zwischencode, Maschinencode, Zielcode, Html-code, Bytecode, Code, Quelltext, Anwendungssystem, Rechnersystem, Zielsystem, System, Text, Quellcode, Workflow-management, Veränderungsmanagement, Management, Computer, Auszeichnungssprache, Sprache, Quadratwurzelberechnung, Berechnung, Online-verbindung, Verbindung, Art"
Verhältnis,"Betriebssystemfunktion, Programmfunktion, Fehlfunktion, Sinusfunktion, Funktion, Workflow-management, Veränderungsmanagement, Management, Schleife, Teamarbeit, Programmierarbeit, Arbeit, Neuentwicklung, Entwicklung, Anwendungsproblem, Problem, Schutz, Vereinbarung, Online-verbindung, Verbindung, Rechenoperation, Operation, Art"
Informatik,"Quelltext, Hilfetext, Programmtext, N{\text, Text, Quellcode, Fehler, Datei, Auszeichnungssprache, Sprache, Programmstelle, Stelle, Programmcode, Qualitätskriterium, Kriterium, Softwarequalität, Qualität, Quelltextdaten, Eingabedaten, Operation, Hilfsvariable, Zeigervariable, Assemblersprache"
Software,"Unterprogramm, Maschinenprogramm, Hauptprogramm, Stapelprogramm, Dialogprogramm, Systemprogramm, Dienstprogramm, Binärprogramm, Anwenderprogramm, Programm, Quelloffene-software, Open-source-software, Individualsoftware, Anwendungssoftware, Jit-compiler, Precompiler, Java-compiler, Compiler, Texteditor, Problemlösung, Lösung, Debugger"
Vermögen,"Quelltext, System, Hilfetext, Programmtext, N{\text, Text, Erstellungsmöglichkeit, Klassifizierungsmöglichkeit, Verwechslungsmöglichkeit, Möglichkeit, Programm-quellcode, Quellcode, Bereich, Fehler, Auszeichnungssprache, Sprache, Version, Programmstelle, Stelle, Endanwendersicht, Sicht, Assemblersprache"
Programm,"Unterprogramm, Maschinenprogramm, Hauptprogramm, Stapelprogramm, Dialogprogramm, Systemprogramm, Dienstprogramm, Binärprogramm, Anwenderprogramm, Quelloffene-software, Open-source-software, Individualsoftware, Anwendungssoftware, Software, Jit-compiler, Precompiler, Java-compiler, Compiler, Texteditor, Problemlösung, Lösung, Debugger"
Form,"System, Cross-plattform, Zielplattform, Plattform, Bereich, Foreach-schleife, Schleife, Oberflächenform, Unix-anwendung, Anwendung, Dateiversion, Version, Quelltextformatierung, Formatierung, Kompilieren, Konfigurieren, Untervariante, Variante, Speicheradresse, Adresse, Prozessortyp, Cpu-typ"
Aufgabengebiet,"Rechnerumgebung, Hardwareumgebung, Programmierumgebung, Umgebung, Plattform, Compilezeit-phase, Projektphase, Phase, Server-bereich, Desktop-bereich, Bereich, Teamarbeit, Programmierarbeit, Arbeit, Rechenschritt, Schritt, Entwicklung, Stellung, Adresse, Speicherverbrauch, Ressourcenverbrauch"
Konstrukt,"Betriebssystemfunktion, Programmfunktion, Fehlfunktion, Sinusfunktion, Funktion, Gerät, Management, Foreach-schleife, Schleife, Syntaxfehler, Fehler, Teil, Programmstelle, Stelle, Bauziel, Ziel, Programmierdokumentation, Dokumentation, Werkzeug, Hilfsvariable, Zeigervariable"
Gebiet,"Rechnerumgebung, Hardwareumgebung, Programmierumgebung, Umgebung, Plattform, Compilezeit-phase, Projektphase, Phase, Server-bereich, Desktop-bereich, Bereich, Teamarbeit, Programmierarbeit, Arbeit, Rechenschritt, Schritt, Entwicklung, Stellung, Adresse, Speicherverbrauch, Ressourcenverbrauch"
Erklärung,"Sql-anweisung, Originalanweisung, Quellcodeanweisung, Ausgabeanweisung, Ablaufanweisung, Schleifenkontrollanweisung, Anweisung, Maschinenbefehl, Aufrufbefehl, Prozessorbefehl, Vergleichsbefehl, Befehl, Programmausführung, Ausführung, Version, Untervariante, Variante, Verarbeitungsvorschrift, Vorschrift, Urheberrechtsrichtlinie, Richtlinie"
Zeit,"Anweisung, Compilezeit, Einarbeitungszeit, Compilezeit-phase, Projektphase, Phase, Newton-verfahren, Iterationsverfahren, Verfahren, Fehler, Form, Entwicklung, Paket, Lösung, Übersetzungsvorgang, Vorgang, Ausführungszeitraum, Zeitraum, Software-lebenszyklus, Produktlebenszyklus"
Programme,"Unterprogramme, Quellprogramme, Java-programme, Binärprogramme, Compilezeit, Einarbeitungszeit, Zeit, Compilezeit-phase, Projektphase, Phase, Verfahren, Neuentwicklung, Entwicklung, Übersetzungsvorgang, Vorgang, Zeitraum, Software-lebenszyklus, Produktlebenszyklus, Speicherverbrauch, Ressourcenverbrauch"
Funktion,"Betriebssystemfunktion, Programmfunktion, Fehlfunktion, Sinusfunktion, Rechner, Endgerät, Programmiergerät, Gerät, Workflow-management, Veränderungsmanagement, Management, Computer, Programmteil, Teil, Folge, Stelle, Bauziel, Ziel, Werkzeug"
Variante,"Code, Rechner, Anwendungssystem, Rechnersystem, Zielsystem, System, Umgebung, Phase, Server-bereich, Desktop-bereich, Bereich, Schritt, Unix-anwendung, Anwendung, Sprache, Dateiversion, Version, Untervariante, Art"
Energie,"Betriebssystemfunktion, Programmfunktion, Fehlfunktion, Sinusfunktion, Funktion, Übertragungsaufwand, Anpassungsaufwand, Entwicklungsaufwand, Aufwand, Teamarbeit, Programmierarbeit, Arbeit, Neuentwicklung, Entwicklung, Anwendungsproblem, Problem, Schutz, Rechenoperation, Operation"
Vereinbarung,"Methode, Verfahren, Syntaxfehler, Fehler, Form, Rechenschritt, Schritt, Ausführung, Sprache, Programmstelle, Stelle, Aufgabenstellung, Stellung, Lizenzvereinbarung, Speicheradresse, Adresse, Fehlerart, Art"
Gestalt,"Cross-plattform, Zielplattform, Plattform, Foreach-schleife, Schleife, Oberflächenform, Form, Unix-anwendung, Anwendung, Version, Quelltextformatierung, Formatierung, Untervariante, Variante, Speicheradresse, Adresse, Prozessortyp, Cpu-typ"
Person,"Arbeitsplatzrechner, Edvac-rechner, Edsac-rechner, Großrechner, Rechner, Rechnerumgebung, Hardwareumgebung, Programmierumgebung, Umgebung, Editor, Obfuscator, Iterator, Rechenoperation, Operation, Hilfsvariable, Zeigervariable, Prozessortyp, Cpu-typ"
Bedeutungen,"Cross-plattform, Zielplattform, Plattform, Foreach-schleife, Schleife, Oberflächenform, Form, Unix-anwendung, Anwendung, Version, Quelltextformatierung, Formatierung, Untervariante, Variante, Speicheradresse, Adresse, Prozessortyp, Cpu-typ"
Endzustand,"Cross-plattform, Zielplattform, Plattform, Foreach-schleife, Schleife, Oberflächenform, Form, Unix-anwendung, Anwendung, Version, Quelltextformatierung, Formatierung, Untervariante, Variante, Speicheradresse, Adresse, Prozessortyp, Cpu-typ"
Anforderungen,"Cross-plattform, Zielplattform, Plattform, Foreach-schleife, Schleife, Oberflächenform, Form, Unix-anwendung, Anwendung, Version, Quelltextformatierung, Formatierung, Untervariante, Variante, Speicheradresse, Adresse, Prozessortyp, Cpu-typ"
Arbeit,"Betriebssystemfunktion, Programmfunktion, Fehlfunktion, Sinusfunktion, Funktion, Teamarbeit, Programmierarbeit, Neuentwicklung, Entwicklung, Berechnung, Anwendungsproblem, Problem, Ziel, Urheberschutz, Schutz, Rechenoperation, Operation"
Sprachfamilie,"Quelltext, System, Hilfetext, Programmtext, N{\text, Text, Programm-quellcode, Quellcode, Bereich, Fehler, Auszeichnungssprache, Sprache, Version, Programmstelle, Stelle, Assemblersprache"
Sprechweise,"Zwischencode, Maschinencode, Zielcode, Html-code, Bytecode, Code, Anweisung, Programm-quellcode, Quellcode, Fehler, Teil, Folge, Programmstelle, Stelle, Hilfsvariable, Zeigervariable"
Kommunikationsmittel,"Quelltext, System, Hilfetext, Programmtext, N{\text, Text, Programm-quellcode, Quellcode, Bereich, Fehler, Auszeichnungssprache, Sprache, Version, Programmstelle, Stelle, Assemblersprache"
Bestimmung,"Sql-anweisung, Originalanweisung, Quellcodeanweisung, Ausgabeanweisung, Ablaufanweisung, Schleifenkontrollanweisung, Anweisung, Maschinenbefehl, Aufrufbefehl, Prozessorbefehl, Vergleichsbefehl, Befehl, Verarbeitungsvorschrift, Vorschrift, Urheberrechtsrichtlinie, Richtlinie"
Varietät,"Quelltext, System, Hilfetext, Programmtext, N{\text, Text, Programm-quellcode, Quellcode, Bereich, Fehler, Auszeichnungssprache, Sprache, Version, Programmstelle, Stelle, Assemblersprache"
Aufgabe,"Betriebssystemfunktion, Programmfunktion, Fehlfunktion, Sinusfunktion, Funktion, Gerät, Management, Teil, Anwendungsproblem, Problem, Bauziel, Ziel, Urheberschutz, Schutz, Werkzeug"
Anstrengung,"Betriebssystemfunktion, Programmfunktion, Fehlfunktion, Sinusfunktion, Funktion, Teamarbeit, Programmierarbeit, Arbeit, Neuentwicklung, Entwicklung, Anwendungsproblem, Problem, Schutz, Rechenoperation, Operation"
Kleidung,"Programm, Text, Zeit, Management, Foreach-schleife, Schleife, Programmteil, Teil, Befehlsfolge, Folge, Stelle, Funktionsblock, Anweisungsblock, Operation, Adresse"
Anweisung,"Sql-anweisung, Originalanweisung, Quellcodeanweisung, Ausgabeanweisung, Ablaufanweisung, Schleifenkontrollanweisung, Maschinenbefehl, Aufrufbefehl, Prozessorbefehl, Vergleichsbefehl, Befehl, Verarbeitungsvorschrift, Vorschrift, Urheberrechtsrichtlinie, Richtlinie"
Position,"Foreach-schleife, Schleife, Syntaxfehler, Fehler, Programmstelle, Stelle, Bauziel, Ziel, Aufgabenstellung, Stellung, Speicheradresse, Adresse, Setzen, Übersetzen"
Verbindung,"Arbeitsplatzrechner, Edvac-rechner, Edsac-rechner, Großrechner, Rechner, Foreach-schleife, Schleife, Schritt, Stelle, Funktionsblock, Anweisungsblock, Lizenzvereinbarung, Vereinbarung, Online-verbindung"
Handeln,"Entwicklungsmethode, Iterationsmethode, Methode, Newton-verfahren, Iterationsverfahren, Verfahren, Syntaxfehler, Fehler, Entwicklung, Berechnung, Programmstelle, Stelle, Rechenoperation, Operation"
Moment,"Compilezeit, Einarbeitungszeit, Zeit, Compilezeit-phase, Projektphase, Phase, Verfahren, Übersetzungsvorgang, Vorgang, Ausführungszeitraum, Zeitraum, Software-lebenszyklus, Produktlebenszyklus"
Gegenwart,"Compilezeit, Einarbeitungszeit, Zeit, Compilezeit-phase, Projektphase, Phase, Verfahren, Übersetzungsvorgang, Vorgang, Ausführungszeitraum, Zeitraum, Software-lebenszyklus, Produktlebenszyklus"
Raumzeit,"Compilezeit, Einarbeitungszeit, Zeit, Compilezeit-phase, Projektphase, Phase, Verfahren, Übersetzungsvorgang, Vorgang, Ausführungszeitraum, Zeitraum, Software-lebenszyklus, Produktlebenszyklus"
Wert,"Teamarbeit, Programmierarbeit, Arbeit, Syntaxfehler, Fehler, Entwicklung, Berechnung, Programmstelle, Stelle, Softwarequalität, Qualität, Rechenoperation, Operation"
Teilmenge,"Rechnerumgebung, Hardwareumgebung, Programmierumgebung, Umgebung, Compilezeit-phase, Projektphase, Phase, Server-bereich, Desktop-bereich, Bereich, Arbeit, Rechenschritt, Schritt"
Beschreibung,"Code, Anwendungssystem, Rechnersystem, Zielsystem, System, Management, Rechenschritt, Schritt, Sprache, Quadratwurzelberechnung, Berechnung, Verbindung"
Anstellung,"Schleife, Syntaxfehler, Fehler, Programmstelle, Stelle, Ziel, Aufgabenstellung, Stellung, Speicheradresse, Adresse, Setzen, Übersetzen"
Wortgruppen,"Betriebssystemfunktion, Programmfunktion, Fehlfunktion, Sinusfunktion, Funktion, Gerät, Management, Teil, Bauziel, Ziel, Werkzeug"
Kode,"Betriebssystemfunktion, Programmfunktion, Fehlfunktion, Sinusfunktion, Funktion, Gerät, Management, Teil, Bauziel, Ziel, Werkzeug"
Einsatz,"Funktion, Teamarbeit, Programmierarbeit, Arbeit, Neuentwicklung, Entwicklung, Quadratwurzelberechnung, Berechnung, Problem, Rechenoperation, Operation"
Aufwand,"Funktion, Übertragungsaufwand, Anpassungsaufwand, Entwicklungsaufwand, Teamarbeit, Programmierarbeit, Arbeit, Neuentwicklung, Entwicklung, Problem, Operation"
Maschine,"Arbeitsplatzrechner, Edvac-rechner, Edsac-rechner, Großrechner, Rechner, Microcomputer, Computer, Syntaxfehler, Fehler, Programmstelle, Stelle"
Einigung,"Fehler, Rechenschritt, Schritt, Programmstelle, Stelle, Stellung, Lizenzvereinbarung, Vereinbarung, Adresse, Art"
Einvernehmen,"Fehler, Rechenschritt, Schritt, Programmstelle, Stelle, Stellung, Lizenzvereinbarung, Vereinbarung, Adresse, Art"
Gerät,"Arbeitsplatzrechner, Edvac-rechner, Edsac-rechner, Großrechner, Rechner, Endgerät, Programmiergerät, Microcomputer, Computer, Stelle"
Briefmarke,"Arbeit, Fehler, Programmstelle, Stelle, Funktionsblock, Anweisungsblock, Softwarequalität, Qualität, Rechenoperation, Operation"
Arbeitsmittel,"Arbeitsplatzrechner, Edvac-rechner, Edsac-rechner, Großrechner, Rechner, Endgerät, Programmiergerät, Gerät, Microcomputer, Computer"
Stellung,"Schleife, Fehler, Programmstelle, Stelle, Ziel, Aufgabenstellung, Speicheradresse, Adresse, Setzen, Übersetzen"
Abkommen,"Fehler, Rechenschritt, Schritt, Programmstelle, Stelle, Stellung, Lizenzvereinbarung, Vereinbarung, Adresse, Art"
Abmachung,"Fehler, Rechenschritt, Schritt, Programmstelle, Stelle, Stellung, Lizenzvereinbarung, Vereinbarung, Adresse, Art"
Körperhaltung,"Syntaxfehler, Fehler, Programmstelle, Stelle, Programmierdokumentation, Dokumentation, Aufgabenstellung, Stellung, Speicheradresse, Adresse"
Computer,"Arbeitsplatzrechner, Edvac-rechner, Edsac-rechner, Großrechner, Rechner, Microcomputer, Fehler, Programmstelle, Stelle"
Zahl,"Arbeit, Syntaxfehler, Fehler, Programmstelle, Stelle, Softwarequalität, Qualität, Rechenoperation, Operation"
Bitte,"Maschinenbefehl, Aufrufbefehl, Prozessorbefehl, Vergleichsbefehl, Befehl, Datenbankaufruf, Aufruf, Speicheradresse, Adresse"
Verbundenheit,"Rechner, Foreach-schleife, Schleife, Funktionsblock, Anweisungsblock, Lizenzvereinbarung, Vereinbarung, Online-verbindung, Verbindung"
Verein,"Rechner, Foreach-schleife, Schleife, Funktionsblock, Anweisungsblock, Lizenzvereinbarung, Vereinbarung, Online-verbindung, Verbindung"
Ausführung,"System, Bereich, Anwendung, Programmausführung, Dateiversion, Version, Untervariante, Variante"
Stil,"Syntaxfehler, Fehler, Programmstelle, Stelle, Programmierdokumentation, Dokumentation, Programmierstil, Einrückungsstil"
Erstellung,"Newton-verfahren, Iterationsverfahren, Verfahren, Fehler, Codeerstellung, Programmstelle, Stelle"
Terminus,"System, Bereich, Anwendung, Dateiversion, Version, Untervariante, Variante"
Auswahl,"Fehler, Programmstelle, Stelle, Programmierdokumentation, Dokumentation, Programmierstil, Einrückungsstil"
Zusammenschluss,"Arbeitsplatzrechner, Edvac-rechner, Edsac-rechner, Großrechner, Rechner, Funktionsblock, Anweisungsblock"
Möglichkeiten,"System, Bereich, Anwendung, Dateiversion, Version, Untervariante, Variante"
Stilistik,"Fehler, Programmstelle, Stelle, Programmierdokumentation, Dokumentation, Programmierstil, Einrückungsstil"
Untersuchung,"Anforderungsanalyse, Performanzanalyse, Analyse, Rechenschritt, Schritt, Entwicklertest, Test"
Lesart,"System, Bereich, Anwendung, Dateiversion, Version, Untervariante, Variante"
Aufforderung,"Maschinenbefehl, Aufrufbefehl, Prozessorbefehl, Vergleichsbefehl, Befehl, Datenbankaufruf, Aufruf"
Produktion,"Newton-verfahren, Iterationsverfahren, Verfahren, Syntaxfehler, Fehler, Programmstelle, Stelle"
Richtung,"Foreach-schleife, Schleife, Bauziel, Ziel, Setzen, Übersetzen"
Ausrichtung,"Foreach-schleife, Schleife, Bauziel, Ziel, Setzen, Übersetzen"
Zugang,"Entwicklung, Berechnung, Obfuscator, Iterator, Rechenoperation, Operation"
Ausdruck,"Syntaxfehler, Fehler, Programmstelle, Stelle, Programmierdokumentation, Dokumentation"
Bestand,"Programmdatei, Datei, Software-dokument, Entwurfsdokument, Quelltextdaten, Eingabedaten"
Eingriff,"Neuentwicklung, Entwicklung, Quadratwurzelberechnung, Berechnung, Rechenoperation, Operation"
Daten,"Programmdatei, Datei, Software-dokument, Entwurfsdokument, Quelltextdaten, Eingabedaten"
Regel,"Annuitätsprinzip, Prinzip, Verarbeitungsvorschrift, Vorschrift, Urheberrechtsrichtlinie, Richtlinie"
Information,"Programmdatei, Datei, Software-dokument, Entwurfsdokument, Quelltextdaten, Eingabedaten"
Messwerte,"Programmdatei, Datei, Software-dokument, Entwurfsdokument, Quelltextdaten, Eingabedaten"
Ergebnissen,"Entwicklungsmethode, Iterationsmethode, Methode, Newton-verfahren, Iterationsverfahren, Verfahren"
Durchführung,"Newton-verfahren, Iterationsverfahren, Verfahren, Methodenimplementierung, Implementierung"
Ansicht,"Stelle, Aufgabenstellung, Stellung, Speicheradresse, Adresse"
Cluster,"Arbeitsplatzrechner, Edvac-rechner, Edsac-rechner, Großrechner, Rechner"
Hilfsmittel,"Arbeitsplatzrechner, Edvac-rechner, Edsac-rechner, Großrechner, Rechner"
Version,"Unix-anwendung, Anwendung, Dateiversion, Kompilieren, Konfigurieren"
Methode,"Entwicklungsmethode, Iterationsmethode, Newton-verfahren, Iterationsverfahren, Verfahren"
Rechenzentrum,"Arbeitsplatzrechner, Edvac-rechner, Edsac-rechner, Großrechner, Rechner"
Rechenmaschine,"Arbeitsplatzrechner, Edvac-rechner, Edsac-rechner, Großrechner, Rechner"
Möglichkeit,"Erstellungsmöglichkeit, Klassifizierungsmöglichkeit, Verwechslungsmöglichkeit, Endanwendersicht, Sicht"
Rechenhilfsmittel,"Arbeitsplatzrechner, Edvac-rechner, Edsac-rechner, Großrechner, Rechner"
Zusammenstellung,"Programmpaket, Paket, Editor, Endanwendersicht, Sicht"
Computernetzwerk,"Arbeitsplatzrechner, Edvac-rechner, Edsac-rechner, Großrechner, Rechner"
Umsetzung,"Programmausführung, Ausführung, Version, Untervariante, Variante"
Operation,"Neuentwicklung, Entwicklung, Quadratwurzelberechnung, Berechnung, Rechenoperation"